Name,Date Unblocked,Website,Archived Block Message[0],Archived Block Message[1],Website Archives[0],Website Archives[1]
5 News KFSM,,https://5newsonline.com/,https://archive.fo/Lwl88,,https://web.archive.org/web/2/https://5newsonline.com,
99acres,,https://www.99acres.com/,https://archive.fo/24l2Q,,https://web.archive.org/web/2/https://www.99acres.com/,
Aberdeen News,,https://www.aberdeennews.com/,,,,
Abington Mariner,,http://abington.wickedlocal.com/,,,https://web.archive.org/web/2/http://abington.wickedlocal.com,
"Ad Express & Daily Iowegian (Centerville, IA)",,http://www.dailyiowegian.com/,,,,
AGCanada,,http://agcanada.com/,,,https://web.archive.org/web/2/http://agcanada.com,
AgDealer,,https://agdealer.com/,https://archive.fo/J3CNt,,,
AgriNews,,http://www.agrinews-pubs.com/,,,,
AgUpdate,,https://www.agupdate.com/,,,,
Aiken Standard,,https://www.aikenstandard.com/,,,,
AIM Media Texas,,http://www.aimmediatexas.com/,https://archive.fo/ZfcyS,,https://web.archive.org/web/2/http://www.aimmediatexas.com/,
AirThinx,,http://www.airthinx.io/,https://archive.fo/Sk0Ry,,https://web.archive.org/web/2/http://www.airthinx.io/,
Albany Democrat-Herald,,https://democratherald.com/,,,https://web.archive.org/web/2/https://democratherald.com/,
Alberta Farmer Express,,http://albertafarmexpress.ca/,,,https://web.archive.org/web/2/https://www.albertafarmexpress.ca/,
Aledo Times Record,,http://www.aledotimesrecord.com/,,,https://web.archive.org/web/2/http://www.aledotimesrecord.com,
Alice Echo-News Journal,,http://www.alicetx.com/,,,https://web.archive.org/web/2/http://www.alicetx.com,
"Allied News (Grove City, PA)",,http://www.alliednews.com/,,,,
Allston-Brighton TAB,,http://allston.wickedlocal.com/,,,https://web.archive.org/web/2/http://allston.wickedlocal.com,
AM New York,,https://www.amny.com/,,,,
Amarillo Globe-News,,http://www.amarillo.com/,,,https://web.archive.org/web/2/http://www.amarillo.com/,
"American Media, Inc.",,https://www.americanmediainc.com/,,,https://web.archive.org/web/2/https://www.americanmediainc.com/,
American Military News,,http://americanmilitarynews.com/,https://archive.fo/CN9zx,,https://web.archive.org/web/2/https://americanmilitarynews.com,https://wayback.archive-it.org/all/2/http://americanmilitarynews.com/
Ames Tribune,,http://www.amestrib.com/,,,https://web.archive.org/web/2/http://www.amestrib.com,
Anchorage Daily News,,https://www.adn.com/,https://web.archive.org/web/20180729175010/https://www.adn.com/redirect-gdpr/?outputType=noscript,https://archive.fo/1qcXd,https://web.archive.org/web/2/https://www.adn.com,
Anchorage Press,,https://www.anchoragepress.com/,,,,
"Andover Townsman (Andover, MA)",,http://www.andovertownsman.com/,,,,
APG West,,https://www.apgwest.com/,,,,
Arizona Daily Star,,https://tucson.com/,,,https://web.archive.org/web/2/https://tucson.com/,
Arizona Daily Sun,,https://azdailysun.com/,,,https://web.archive.org/web/2/https://azdailysun.com/,
Arizona Range News,,https://www.willcoxrangenews.com/,,,,
Arlington Advocate,,http://arlington.wickedlocal.com/,,,https://web.archive.org/web/2/http://arlington.wickedlocal.com,
Ashe Post & Times,,https://www.ashepostandtimes.com/,,,,
Atchison Globe Now,,http://www.atchisonglobenow.com/,https://archive.fo/2zXMw,,https://web.archive.org/web/2/http://www.atchisonglobenow.com/,
Athens Banner-Herald,,http://www.onlineathens.com/,,,https://web.archive.org/web/2/http://www.onlineathens.com,
"Athens Daily Review (Athens, TX)",,http://www.athensreview.com/,,,,
Aurora Advertiser,,http://www.auroraadvertiser.net/,,,https://web.archive.org/web/2/http://www.auroraadvertiser.net,
Bakersfield.com,,https://www.bakersfield.com/,,,https://web.archive.org/web/2/https://www.bakersfield.com/,
Baltimore City Paper,,http://www.citypaper.com/,https://archive.fo/YQiCn,https://webrecorder.io/verifiedjoseph/451-unavailable-due-to-legal-reasons-gdpr/list/tronc-inc-websites/b12/20180713144100/http://www.tronc.com/gdpr/citypaper.com/,https://web.archive.org/web/2/http://www.citypaper.com/,
Baltimore Sun,,http://www.baltimoresun.com/,https://archive.fo/txDfv,https://www.webcitation.org/716OdpbD7,https://web.archive.org/web/2/http://www.baltimoresun.com/,
Bangor Daily News,,https://www.bangordailynews.com/,,,https://web.archive.org/web/2/https://www.bangordailynews.com/,https://wayback.archive-it.org/all/2/https://bangordailynews.com/
Barnesville Enterprise,,http://www.barnesville-enterprise.com/,,,https://web.archive.org/web/2/http://www.barnesville-enterprise.com,
Bartlesville Examiner-Express,,http://www.examiner-enterprise.com/,,,https://web.archive.org/web/2/http://www.examiner-enterprise.com,
BaseballHQ.com,,https://www.baseballhq.com/,http://web.archive.org/web/20180726165544/http://eu-message.usatoday.com/,,https://web.archive.org/web/2/https://www.baseballhq.com/,
Bastrop Daily Enterprise,,http://www.bastropenterprise.com/,,,https://web.archive.org/web/2/http://www.bastropenterprise.com,
"Batesville Herald-Tribune (Batesville, IN)",,http://www.batesvilleheraldtribune.com/,,,,
Bay City Tribune,,http://baycitytribune.com/,,,,
Beatrice Daily Sun,,https://beatricedailysun.com/,,,https://web.archive.org/web/2/https://beatricedailysun.com/,
Beauregard Daily News,,http://www.beauregarddailynews.net/,,,https://web.archive.org/web/2/http://www.beauregarddailynews.net,
Beaver County Times,,http://www.timesonline.com/,,,https://web.archive.org/web/2/http://www.timesonline.com,
Bedford Minuteman,,http://bedford.wickedlocal.com/,,,https://web.archive.org/web/2/http://bedford.wickedlocal.com,
"Belgrade News (Bozeman, Montana)",,http://www.belgrade-news.com/,,,https://web.archive.org/web/2/http://www.belgrade-news.com/,
Belmont Citizen-Herald,,http://belmont.wickedlocal.com/,,,https://web.archive.org/web/2/http://belmont.wickedlocal.com,
Bent County Democrat,,http://www.bcdemocratonline.com/,,,https://web.archive.org/web/2/http://www.bcdemocratonline.com,
Beverly Citizen,,http://beverly.wickedlocal.com/,,,https://web.archive.org/web/2/http://beverly.wickedlocal.com,
BG News (Bowling Green State Uni),,https://www.bgfalconmedia.com/,,,https://web.archive.org/web/2/https://www.bgfalconmedia.com/,
Bill O’Reilly,,https://www.billoreilly.com/,,,https://web.archive.org/web/2/https://www.billoreilly.com/,
Billerica Minuteman,,http://billerica.wickedlocal.com/,,,https://web.archive.org/web/2/http://billerica.wickedlocal.com,
Billings Gazette,,https://billingsgazette.com/,,,https://web.archive.org/web/2/https://billingsgazette.com/,
Black Fin,,https://goblackfin.com/,,,https://web.archive.org/web/2/https://goblackfin.com/,
Bluefield Daily Telegraph,,http://www.bdtonline.com/,,,https://web.archive.org/web/2/http://www.bdtonline.com/,
Bluffton Today,,http://www.blufftontoday.com/,,,https://web.archive.org/web/2/http://www.blufftontoday.com,
Boone News-Republican,,http://www.newsrepublican.com/,,,https://web.archive.org/web/2/http://www.newsrepublican.com,
Booneville Democrat,,http://www.boonevilledemocrat.com/,,,https://web.archive.org/web/2/http://www.boonevilledemocrat.com,
Boonville Daily News,,http://www.boonvilledailynews.com/,,,https://web.archive.org/web/2/http://www.boonvilledailynews.com,
Boston Homes,,http://www.linkbostonhomes.com/,,,https://web.archive.org/web/2/http://linkbostonhomes.com,
Bourne Courier,,http://bourne.wickedlocal.com/,,,https://web.archive.org/web/2/http://bourne.wickedlocal.com,
"Bozeman Daily Chronicle (Bozeman, Montana)",,https://www.bozemandailychronicle.com/,,,https://web.archive.org/web/2/https://www.bozemandailychronicle.com/,
Braintree Forum,,http://braintree.wickedlocal.com/,,,https://web.archive.org/web/2/http://braintree.wickedlocal.com,
Bridgewater Independent,,http://bridgewater.wickedlocal.com/,,,https://web.archive.org/web/2/http://bridgewater.wickedlocal.com,
Brookline TAB,,http://brookline.wickedlocal.com/,,,https://web.archive.org/web/2/http://brookline.wickedlocal.com,
Brownwood Bulletin,,http://www.brownwoodtx.com/,,,https://web.archive.org/web/2/http://www.brownwoodtx.com,
Bucks County Courier Times,,http://www.buckscountycouriertimes.com/,,,https://web.archive.org/web/2/http://www.buckscountycouriertimes.com,
Bucks Local News,,http://www.buckslocalnews.com/,,,https://web.archive.org/web/2/http://www.buckslocalnews.com/,
Burlington County Times,,http://www.burlingtoncountytimes.com/,,,https://web.archive.org/web/2/http://www.burlingtoncountytimes.com,
Burlington Union,,http://burlington.wickedlocal.com/,,,https://web.archive.org/web/2/http://burlington.wickedlocal.com,
Business Observer,,https://www.businessobserverfl.com/,,,https://web.archive.org/web/2/https://www.businessobserverfl.com/,
Butler County Times-Gazette,,http://www.butlercountytimesgazette.com/,,,https://web.archive.org/web/2/http://www.butlercountytimesgazette.com,
Cambridge Chronicle,,http://www.cambridgechron.com/,,,https://web.archive.org/web/2/http://www.cambridgechron.com,
Cambridge Chronicle & TAB,,http://cambridge.wickedlocal.com/,,,https://web.archive.org/web/2/http://cambridge.wickedlocal.com,
Canadian Cattlemen,,http://canadiancattlemen.ca/,,,https://web.archive.org/web/2/https://www.canadiancattlemen.ca/,
Canton Journal,,http://canton.wickedlocal.com/,,,https://web.archive.org/web/2/http://canton.wickedlocal.com,
Cape Ann Beacon,,http://gloucester.wickedlocal.com/,,,https://web.archive.org/web/2/http://gloucester.wickedlocal.com,
Cape Cod Times,,http://www.capecodtimes.com/,,,https://web.archive.org/web/2/http://www.capecodtimes.com,
Capital Gazette,,http://www.capitalgazette.com/,https://archive.fo/G72zy,https://webrecorder.io/verifiedjoseph/451-unavailable-due-to-legal-reasons-gdpr/list/tronc-inc-websites/b9/20180713144118/http://www.tronc.com/gdpr/capitalgazette.com/,https://web.archive.org/web/2/http://www.capitalgazette.com/,
"Capital Journal (Pierre, South Dakota)",,https://www.capjournal.com/,,,https://web.archive.org/web/2/https://www.capjournal.com/,
Car and Driver (Magazine),,http://www.caranddriver.com/,,,https://web.archive.org/web/2/http://www.caranddriver.com/,
Carbondale News,,http://www.thecarbondalenews.com/,,,https://web.archive.org/web/2/http://www.thecarbondalenews.com,
"Carriage Towne News (Kingston, NH)",,http://www.carriagetownenews.com/,,,,
Carroll County Times,,http://www.carrollcountytimes.com/,https://archive.fo/bMonU,https://webrecorder.io/verifiedjoseph/451-unavailable-due-to-legal-reasons-gdpr/list/tronc-inc-websites/b10/20180713144111/http://www.tronc.com/gdpr/carrollcountytimes.com/,https://web.archive.org/web/2/http://www.carrollcountytimes.com/,https://wayback.archive-it.org/all/2/http://www.carrollcountytimes.com/
Carver Reporter,,http://carver.wickedlocal.com/,,,https://web.archive.org/web/2/http://carver.wickedlocal.com/,
Casper Star-Tribune,,https://trib.com/,,,https://web.archive.org/web/2/https://trib.com/,
CBS 4 Indianapolis,,https://cbs4indy.com/,https://archive.fo/NMlOI,,https://web.archive.org/web/2/https://cbs4indy.com/,
Central Record - South Jersey,,http://www.southjerseylocalnews.com/,,,https://web.archive.org/web/2/http://www.southjerseylocalnews.com/,
Charleston Daily Mail,,https://www.wvgazettemail.com/,,,,
Charleston Express,,http://www.charlestonexpress.com/,,,https://web.archive.org/web/2/http://www.charlestonexpress.com,
Cheboygan Daily Tribune,,http://www.cheboygannews.com/,,,https://web.archive.org/web/2/http://www.cheboygannews.com,
Chelmsford Independent,,http://chelmsford.wickedlocal.com/,,,https://web.archive.org/web/2/http://chelmsford.wickedlocal.com,
Cherokee County News-Advocate,,http://www.sekvoice.com/,,,https://web.archive.org/web/2/http://www.sekvoice.com,
Chicago Tribune,,http://www.chicagotribune.com/,https://archive.fo/cjghP,https://webrecorder.io/verifiedjoseph/451-unavailable-due-to-legal-reasons-gdpr/list/tronc-inc-websites/b8/20180713144128/http://www.tronc.com/gdpr/chicagotribune.com/,https://web.archive.org/web/2/http://www.chicagotribune.com/,
"Chickasha Express Star (Chickasha, OK)",,http://www.chickashanews.com/,,,,
Chillicothe Times-Bulletin,,http://www.chillicothetimesbulletin.com/,,,https://web.archive.org/web/2/http://www.chillicothetimesbulletin.com,
"Claremore Daily Progress (Claremore, OK)",,http://www.claremoreprogress.com/,,,,
Clay Center Dispatch,,http://www.ccenterdispatch.com/,,,https://web.archive.org/web/2/http://www.ccenterdispatch.com/,
"Cleburne Times Review (Cleburne, TX)",,http://www.cleburnetimesreview.com/,,,,
Cleveland Jewish News,,https://www.clevelandjewishnews.com/,,,https://web.archive.org/web/2/https://www.clevelandjewishnews.com/,
"Clinton Herald (Clinton, IA)",,http://www.clintonherald.com/,,,,
CLTV,,https://cltv.com/,,,https://web.archive.org/web/2/http://cltv.com/,
"CNHI, LLC",,https://www.cnhi.com/,,,,
Cohasset Mariner,,http://cohasset.wickedlocal.com/,,,https://web.archive.org/web/2/http://cohasset.wickedlocal.com,
College Heights Herald,,https://wkuherald.com/,,,,
Collegiate Times,,http://www.collegiatetimes.com/,,,https://web.archive.org/web/2/http://www.collegiatetimes.com/,
Columbia Daily Tribune,,http://www.columbiatribune.com/,,,https://web.archive.org/web/2/http://www.columbiatribune.com,
Columbus Telegram,,https://columbustelegram.com/,,,https://web.archive.org/web/2/https://columbustelegram.com/,
"Commercial News (Danville, IL)",,http://www.commercial-news.com/,,,,
"Commonwealth Journal (Somerset, KY)",,http://www.somerset-kentucky.com/,,,,
Community News,,http://www.cnweekly.com/,,,https://web.archive.org/web/2/http://www.cnweekly.com/,
Connecticut Post,,http://www.ctpost.com/,,,https://web.archive.org/web/2/http://www.ctpost.com/,
Constitution Tribune,,http://www.chillicothenews.com/,,,https://web.archive.org/web/2/http://www.chillicothenews.com,
"Cooperstown Crier (Cooperstown, NY)",,http://www.coopercrier.com/,,,,
"Corsicana Daily Sun (Corsicana, TX)",,http://www.corsicanadailysun.com/,,,,
Corvallis Gazette-Times,,https://www.gazettetimes.com/,,,https://web.archive.org/web/2/https://www.gazettetimes.com/,
Country Gazette,,http://bellingham.wickedlocal.com/,,,https://web.archive.org/web/2/http://bellingham.wickedlocal.com,
Country Guide,,http://country-guide.ca/,,,https://web.archive.org/web/2/https://www.country-guide.ca/,
"Courier-Tribune (Liberty, MO)",,http://www.mycouriertribune.com/,,,,
Crestview News Bulletin,,http://www.crestviewbulletin.com/,,,https://web.archive.org/web/2/http://www.crestviewbulletin.com,
Crookston Daily Times,,http://www.crookstontimes.com/,,,https://web.archive.org/web/2/http://www.crookstontimes.com,
"Crossville Chronicle (Crossville, TN)",,http://www.crossville-chronicle.com/,,,,
Cumberland Times-News,,http://www.times-news.com/,,,https://web.archive.org/web/2/http://www.times-news.com/,
CW South Florida,,http://sflcw.com/,https://archive.fo/hcEk3,,https://web.archive.org/web/2/http://sflcw.com/,
CW39 Houston,,https://cw39.com/,https://archive.fo/HjEbc,,https://web.archive.org/web/2/https://cw33.com/,
Daily Ardmoreite,,http://www.ardmoreite.com/,,,https://web.archive.org/web/2/http://www.ardmoreite.com,
Daily Commercial,,http://www.dailycommercial.com/,,,https://web.archive.org/web/2/http://www.dailycommercial.com,
Daily Iberian,,https://www.iberianet.com/,,,,
Daily Journal (Illinois),,http://www.daily-journal.com/,,,https://web.archive.org/web/2/http://www.daily-journal.com/,
Daily Journal (Missouri),,https://dailyjournalonline.com/,,,https://web.archive.org/web/2/https://dailyjournalonline.com/,
Daily Messenger (MPNnow),,http://www.mpnnow.com/,,,https://web.archive.org/web/2/http://www.mpnnow.com,
Daily Press,,http://www.dailypress.com/,https://archive.fo/QoMIr,https://webrecorder.io/verifiedjoseph/451-unavailable-due-to-legal-reasons-gdpr/list/tronc-inc-websites/b7/20180713144132/http://www.tronc.com/gdpr/dailypress.com/,https://web.archive.org/web/2/http://dailypress.com/,
Daily Review Atlas,,http://www.reviewatlas.com/,,,https://web.archive.org/web/2/http://www.reviewatlas.com,
"Daily Star Journal (Warrensburg, MO)",,http://www.dailystarjournal.com/,,,,
Dallas County News,,http://www.adelnews.com/,,,https://web.archive.org/web/2/http://www.adelnews.com,
Danvers Herald,,http://danvers.wickedlocal.com/,,,https://web.archive.org/web/2/http://danvers.wickedlocal.com,
Dedham Transcript,,http://dedham.wickedlocal.com/,,,https://web.archive.org/web/2/http://dedham.wickedlocal.com,
Delaware County NewsNetwork,,http://www.delconewsnetwork.com/,,,https://web.archive.org/web/2/http://www.delconewsnetwork.com/,
"Denton Record-Chronicle (Denton, Texas)",,https://www.dentonrc.com/,,,,
Derry News / Weekender Derry (NH),,http://www.derrynews.com/,,,,
Devils Lake Journal,,http://www.devilslakejournal.com/,,,https://web.archive.org/web/2/http://www.devilslakejournal.com,
Dodge City Daily Globe,,http://www.dodgeglobe.com/,,,https://web.archive.org/web/2/http://www.dodgeglobe.com,
Donaldsonville Chief,,http://www.donaldsonvillechief.com/,,,https://web.archive.org/web/2/http://www.donaldsonvillechief.com,
"Douglas County Sentinel (Douglas County, Georgia)",,http://www.douglascountysentinel.com/,,,,
Douglas Dispatch,,https://www.douglasdispatch.com/,,,,
Dover Post,,http://www.doverpost.com/,,,https://web.archive.org/web/2/http://www.doverpost.com,
Dover-Sherborn Press,,http://dover.wickedlocal.com/,,,https://web.archive.org/web/2/http://dover.wickedlocal.com/,
East Peoria Times-Courier,,http://www.eastpeoriatimescourier.com/,,,https://web.archive.org/web/2/http://www.eastpeoriatimescourier.com,
Eastern Arizona Courier,,https://www.eacourier.com/,,,,
Easton Journal,,http://easton.wickedlocal.com/,,,https://web.archive.org/web/2/http://easton.wickedlocal.com,
Echo Pilot,,http://www.echo-pilot.com/,,,https://web.archive.org/web/2/http://www.echo-pilot.com,
Edinburg Review,,http://www.edinburgreview.com/,,,https://web.archive.org/web/2/http://www.edinburgreview.com,
Edmond Sun,,http://www.edmondsun.com/,,,https://web.archive.org/web/2/http://www.edmondsun.com/,
Edwardsville Intelligencer,,http://www.theintelligencer.com/,https://archive.fo/aFIb3,,https://web.archive.org/web/2/http://www.theintelligencer.com/,
"Effingham Daily News (Effingham, IL)",,http://www.effinghamdailynews.com/,,,,
El Extra,,http://www.elextratx.com/,,,,
El Nuevo Heraldo,,http://www.elnuevoheraldo.com/,,,,
El Vocero,,https://www.elvocero.com/,,,,
Elko Daily Free Press,,https://elkodaily.com/,,,https://web.archive.org/web/2/https://elkodaily.com/,
Ellwood City Ledger,,http://www.ellwoodcityledger.com/,,,https://web.archive.org/web/2/http://www.ellwoodcityledger.com,
"Enid News & Eagle (Enid, OK)",,https://www.enidnews.com/,,,,
Erie Times-News,,http://www.goerie.com/,,,https://web.archive.org/web/2/http://www.goerie.com,
Face++,,https://www.faceplusplus.com/,https://archive.fo/cLPAs,https://webrecorder.io/verifiedjoseph/451-unavailable-due-to-legal-reasons-gdpr/20180716154208/https://www.faceplusplus.com/,https://web.archive.org/web/2/https://www.faceplusplus.com/,
Fairbanks Daily News-Miner,,http://www.newsminer.com/,,,https://web.archive.org/web/2/http://www.newsminer.com/,
"Farm Talk (Parsons, KS)",,http://www.farmtalknewspaper.com/,,,,
Farmzilla,,http://farmzilla.com/,,,https://web.archive.org/web/2/http://www.farmzilla.com/,
Financial News & Daily Record,,https://www.jaxdailyrecord.com/,,,https://web.archive.org/web/2/https://www.jaxdailyrecord.com/,
Flex (magazine),,https://www.flexonline.com/,,,https://web.archive.org/web/2/https://www.flexonline.com/,
Food in Canada,,http://foodincanada.com/,,,https://web.archive.org/web/2/http://www.foodincanada.com/,
Food52,,https://food52.com/,,,https://web.archive.org/web/2/https://food52.com/,
Fort Payne Times-Journal,,http://times-journal.com/,,,,
Foster's Daily Democrat,,http://www.fosters.com/,,,https://web.archive.org/web/2/http://www.fosters.com,
Fowler Tribune,,http://www.fowlertribune.com/,,,https://web.archive.org/web/2/http://www.fowlertribune.com,
FOX13 Salt Lake City,,https://fox13now.com/,,,https://web.archive.org/web/2/https://fox13now.com/,
FOX17 West Michigan,,https://fox17online.com/,,,https://web.archive.org/web/2/https://fox17online.com/,
FOX2 Now St. Louis,,https://fox2now.com/,https://archive.fo/BJn1t,,https://web.archive.org/web/2/http://fox2now.com/,
FOX31 Denver,,https://kdvr.com/,https://archive.fo/92u3P,,https://web.archive.org/web/2/https://kdvr.com/,
FOX4 Kansas City,,https://fox4kc.com/,,,https://web.archive.org/web/2/https://fox4kc.com/,
FOX40 Sacramento,,https://fox40.com/,https://archive.fo/JWcjo,,https://web.archive.org/web/2/https://fox40.com/,
FOX43 WPMT,,https://fox43.com/,,,https://web.archive.org/web/2/https://fox43.com/,
FOX5 San Diego,,https://fox5sandiego.com/,https://archive.fo/jZ8PG,,https://web.archive.org/web/2/https://fox5sandiego.com/,
FOX59 Indianapolis,,https://fox59.com/,https://archive.fo/2Y368,,https://web.archive.org/web/2/https://fox59.com/,
FOX6 Now,,https://fox6now.com/,,,https://web.archive.org/web/2/http://fox6now.com,
FOX61 Connecticut,,https://fox61.com/,https://archive.fo/PgdHo,,https://web.archive.org/web/2/https://fox61.com/,
FOX8 Cleveland,,https://fox8.com/,https://archive.fo/tfB8i,,https://web.archive.org/web/2/https://fox8.com/,
FOX8 WGHP,,https://myfox8.com/,,,https://web.archive.org/web/2/https://myfox8.com/,
Free Times,,https://www.free-times.com/,,,,
Fremont Tribune,,https://fremonttribune.com/,,,https://web.archive.org/web/2/https://fremonttribune.com/,
"Gainesville Daily Register (Gainesville, TX)",,http://www.gainesvilleregister.com/,,,,
Galva News,,http://www.galvanews.com/,,,https://web.archive.org/web/2/http://www.galvanews.com,
Gannett Company,,http://www.gannett.com/,http://web.archive.org/web/20180726165544/http://eu-message.usatoday.com/,,https://web.archive.org/web/2/http://www.gannett.com/,
Gazettes,,http://www.gazettes.com/,,,https://web.archive.org/web/2/http://www.gazettes.com/,
Genesee Country Express ,,http://www.dansvilleonline.com/,,,https://web.archive.org/web/2/http://www.dansvilleonline.com,
Geneseo Republic,,http://www.geneseorepublic.com/,,,https://web.archive.org/web/2/http://www.geneseorepublic.com,
Georgetown Record,,http://georgetown.wickedlocal.com/,,,https://web.archive.org/web/2/http://georgetown.wickedlocal.com,
Glacier FarmMedia,,http://farmmedia.com/,,,https://web.archive.org/web/2/http://farmmedia.com/,
"Gladstone Dispatch (Liberty, MO)",,http://www.gladstonedispatch.com/,,,,
"Glasgow Daily Times (Glasgow, KY)",,http://www.glasgowdailytimes.com/,,,,
Glen Rose Reporter,,http://www.yourglenrosetx.com/,,,https://web.archive.org/web/2/http://www.yourglenrosetx.com,
Globe (tabloid),,https://www.globemagazine.com/,,,https://web.archive.org/web/2/https://www.globemagazine.com/,
Globe Gazette,,https://globegazette.com/,,,https://web.archive.org/web/2/https://globegazette.com/,
"Gloucester Daily Times (Gloucester, MA)",,http://www.gloucestertimes.com/,,,,
Gonzales Weekly Citizen,,http://www.weeklycitizen.com/,,,https://web.archive.org/web/2/http://www.weeklycitizen.com,
"Goshen News (Goshen, IN)",,http://www.goshennews.com/,,,,
Grainews,,http://grainews.ca/,,,https://web.archive.org/web/2/https://www.grainews.ca/,
Grand Lake News,,http://www.grandlakenews.com/,,,https://web.archive.org/web/2/http://www.grandlakenews.com,
Granite Falls Advocate Tribune,,http://www.granitefallsnews.com/,,,https://web.archive.org/web/2/http://www.granitefallsnews.com,
"Grayson Journal Enquirer (Grayson, KY)",,http://www.journal-times.com/,,,,
"Green Acres Publication (St. Joseph, MO)",,http://www.greenacressells.com/,,,,
Green Valley News & Sun,,https://www.gvnews.com/,,,,
"Greensburg Daily News (Greensburg, IN)",,http://www.greensburgdailynews.com/,,,,
"Greenville Herald Banner (Greenville, TX)",,http://www.heraldbanner.com/,,,,
Greenwich Time,,http://www.greenwichtime.com/,,,https://web.archive.org/web/2/http://www.greenwichtime.com/,
Greenwood Democrat,,http://www.greenwooddemocrat.com/,,,https://web.archive.org/web/2/http://www.greenwooddemocrat.com,
Gurdon Times,,http://www.thegurdontimes.com/,,,https://web.archive.org/web/2/http://www.thegurdontimes.com,
Half Moon Bay Review,,https://www.hmbreview.com/,,,https://web.archive.org/web/2/https://www.hmbreview.com/,
Halifax-Plympton Reporter,,http://plympton.wickedlocal.com/,,,https://web.archive.org/web/2/http://plympton.wickedlocal.com/,
Hamburg Reporter,,http://www.hamburgreporter.com/,,,https://web.archive.org/web/2/http://www.hamburgreporter.com,
Hamilton-Wenham Chronicle,,http://hamilton.wickedlocal.com/,,,https://web.archive.org/web/2/http://hamilton.wickedlocal.com,
Hannibal Courier-Post,,http://www.hannibal.net/,,,https://web.archive.org/web/2/http://www.hannibal.net,
Hanover Mariner,,http://hanover.wickedlocal.com/,,,https://web.archive.org/web/2/http://hanover.wickedlocal.com/,
Hartford Courant,,http://www.courant.com/,https://archive.fo/iZE6f,https://webrecorder.io/verifiedjoseph/451-unavailable-due-to-legal-reasons-gdpr/list/tronc-inc-websites/b6/20180713144154/http://www.tronc.com/gdpr/courant.com/,https://web.archive.org/web/2/http://www.courant.com/,
Hastings Tribune,,http://www.hastingstribune.com/,,,,
Havelock News,,http://www.havenews.com/,,,https://web.archive.org/web/2/http://www.havenews.com,
Hendersonville Times-News,,http://www.blueridgenow.com/,,,https://web.archive.org/web/2/http://www.blueridgenow.com,
"Hendricks County Flyer (Avon, IN)",,http://www.flyergroup.com/,,,,
Herald & Review,,https://herald-review.com/,,,https://web.archive.org/web/2/https://herald-review.com/,
"Herald and News (Klamath Falls, Oregon)",,https://www.heraldandnews.com/,,,https://web.archive.org/web/2/https://www.heraldandnews.com/,
Herald Democrat,,http://www.heralddemocrat.com/,,,https://web.archive.org/web/2/http://www.heralddemocrat.com,
"Herald Review (Sierra Vista, Arizona)",,https://www.myheraldreview.com/,,,,
Herald-Journal,,http://www.goupstate.com/,,,https://web.archive.org/web/2/http://www.goupstate.com,
Herald-Tribune,,http://www.heraldtribune.com/,,,https://web.archive.org/web/2/http://www.heraldtribune.com,
Hi-Desert Star,,http://www.hidesertstar.com/,,,https://web.archive.org/web/2/http://www.hidesertstar.com/,
"Hiawatha World (Hiawatha, Kansas)",,http://www.hiawathaworldonline.com/,,,,
Hillsdale Daily News,,http://www.hillsdale.net/,,,https://web.archive.org/web/2/http://www.hillsdale.net,
Hockessin Community News,,http://www.hockessincommunitynews.com/,,,https://web.archive.org/web/2/http://www.hockessincommunitynews.com,
Holbrook Sun,,http://holbrook.wickedlocal.com/,,,https://web.archive.org/web/2/http://holbrook.wickedlocal.com,
"Home Magazine (Mankato, MN)",,http://www.homemagonline.com/,,,,
Hope Star,,http://www.hopestar.com/,,,https://web.archive.org/web/2/http://www.hopestar.com,
Hot Springs Village Voice,,http://www.hsvvoice.com/,,,https://web.archive.org/web/2/http://www.hsvvoice.com,
Houma Courier,,http://www.houmatoday.com/,,,https://web.archive.org/web/2/http://www.houmatoday.com,
Houston Chronicle (Staff Blog),,http://blog.chron.com/,,,https://web.archive.org/web/2/http://blog.chron.com/,
hpenews.com,,http://www.hpenews.com/,,,,
Hudson Sun,,http://hudson.wickedlocal.com/,,,https://web.archive.org/web/2/http://hudson.wickedlocal.com,
Huron Daily Tribune,,http://www.michigansthumb.com/,,,https://web.archive.org/web/2/http://www.michigansthumb.com/,
Idaho Press,,https://www.idahopress.com/,,,https://web.archive.org/web/2/https://www.idahopress.com/,
Idaho State Journal,,https://www.idahostatejournal.com/,,,https://web.archive.org/web/2/https://idahostatejournal.com/,
Illinois News Network,,https://www.ilnews.org/,,,https://web.archive.org/web/2/https://www.ilnews.org/,
Independent Record,,https://helenair.com/,,,https://web.archive.org/web/2/https://helenair.com/,
India West,,http://www.indiawest.com/,,,https://web.archive.org/web/2/http://www.indiawest.com/,
Instapaper,,https://www.instapaper.com/,https://web.archive.org/web/20180709161855/https://www.instapaper.com/gdpr,https://webrecorder.io/verifiedjoseph/451-unavailable-due-to-legal-reasons-gdpr/20180716215855/https://www.instapaper.com/gdpr,https://web.archive.org/web/2/https://www.instapaper.com/,
Ionia Sentinel-Standard,,http://www.sentinel-standard.com/,,,https://web.archive.org/web/2/http://www.sentinel-standard.com,
Iowa State Daily,,http://www.iowastatedaily.com/,,,,
Ipswich Chronicle,,http://ipswich.wickedlocal.com/,,,https://web.archive.org/web/2/http://ipswich.wickedlocal.com,
Jackson County Sentinel ,,http://thedailysentinel.com/,,,,
Jackson Newspapers,,http://www.jacksonnewspapers.com/,,,https://web.archive.org/web/2/http://www.jacksonnewspapers.com,
"Jacksonville Daily Progress (Jacksonville, TX)",,http://www.jacksonvilleprogress.com/,,,,
Journal Gazette & Times-Courier,,https://jg-tc.com/,,,https://web.archive.org/web/2/https://jg-tc.com/,
"Journal Scene (Summerville, South Carolina)",,https://www.journalscene.com/,,,,
Journal Star,2018-07-28,http://www.pjstar.com/,,,https://web.archive.org/web/2/http://www.pjstar.com,
Journal Times,,https://journaltimes.com/,,,https://web.archive.org/web/2/https://journaltimes.com/,
Journal-Courier,,https://www.myjournalcourier.com/,,,https://web.archive.org/web/2/https://www.myjournalcourier.com/,
KDAF Dallas,,https://cw33.com/,https://archive.fo/HjEbc,,https://web.archive.org/web/2/https://cw33.com/,
Kenosha News,,https://www.kenoshanews.com/,,,,
Kentucky Barkley News Central,,http://www.kentuckybarkleynews.com/,,,,
Kingston Reporter,,http://kingston.wickedlocal.com/,,,https://web.archive.org/web/2/http://kingston.wickedlocal.com/,
Kiowa County Signal,,http://www.kiowacountysignal.com/,,,https://web.archive.org/web/2/http://www.kiowacountysignal.com,
Kirksville Daily Express,,http://www.kirksvilledailyexpress.com/,,,https://web.archive.org/web/2/http://www.kirksvilledailyexpress.com,
KMAland,,http://www.kmaland.com/,,,,
"Knoxville Journal Express (Knoxville, IA)",,http://www.journalexpress.net/,,,,
Kodiak Daily Mirror,,http://www.kodiakdailymirror.com/,,,https://web.archive.org/web/2/http://www.kodiakdailymirror.com/,
Kokomo Tribune,,http://www.kokomotribune.com/,,,https://web.archive.org/web/2/http://www.kokomotribune.com/,
KPC Media Group,,http://www.kpcnews.com/,,,,
KPLR11 St. Louis,,https://kplr11.com/,https://archive.fo/Knpbn,,https://web.archive.org/web/2/https://kplr11.com/,
KTLA 5 Los Angeles,,https://ktla.com/,https://archive.fo/swVTC,,https://web.archive.org/web/2/https://ktla.com/,
La Crosse Tribune,,https://lacrossetribune.com/,,,https://web.archive.org/web/2/https://lacrossetribune.com/,
La Junta Tribune-Democrat,,http://www.lajuntatribunedemocrat.com/,,,https://web.archive.org/web/2/http://www.lajuntatribunedemocrat.com,
"Lake County Examiner (Lakeview, Oregon)",,http://www.lakecountyexam.com/,,,,
Lake Geneva News.net,,http://www.lakegenevanews.net/,,,,
LancasterOnline,,https://lancasteronline.com/,,,https://web.archive.org/web/2/https://lancasteronline.com/,
Laredo Morning Times,,http://www.lmtonline.com/,,,https://web.archive.org/web/2/http://www.lmtonline.com/,
Le Bulletin des agriculteurs,,http://lebulletin.com/,,,https://web.archive.org/web/2/http://lebulletin.com,
Leavenworth Times,,http://www.leavenworthtimes.com/,,,https://web.archive.org/web/2/http://www.leavenworthtimes.com,
Lebanon Express,,https://lebanon-express.com/,,,https://web.archive.org/web/2/https://lebanon-express.com/,
Lee Enterprises,,http://lee.net/,,,https://web.archive.org/web/2/http://lee.net/,
Leesville Daily Leader,,http://www.leesvilledailyleader.com/,,,https://web.archive.org/web/2/http://www.leesvilledailyleader.com,
Lexington Minuteman,,http://lexington.wickedlocal.com/,,,https://web.archive.org/web/2/http://lexington.wickedlocal.com,
Lincoln Journal,,http://lincoln.wickedlocal.com/,,,https://web.archive.org/web/2/http://lincoln.wickedlocal.com,
Lincoln Journal Star,,https://journalstar.com/,,,https://web.archive.org/web/2/https://journalstar.com/,
Linn County Leader,,http://www.linncountyleader.com/,,,https://web.archive.org/web/2/http://www.linncountyleader.com,
Littleton Independent,,http://littleton.wickedlocal.com/,,,https://web.archive.org/web/2/http://littleton.wickedlocal.com,
"Lockport Union-Sun & Journal (Lockport, NY)",,http://www.lockportjournal.com/,,,,
Log Cabin Democrat,,http://www.thecabin.net/,,,https://web.archive.org/web/2/http://www.thecabin.net,
Los Angeles Loyolan,,http://www.laloyolan.com/,,,https://web.archive.org/web/2/http://www.laloyolan.com/,
Los Angeles Times,,http://www.latimes.com/,https://archive.fo/odnEN,https://webrecorder.io/verifiedjoseph/451-unavailable-due-to-legal-reasons-gdpr/list/tronc-inc-websites/b5/20180713144158/http://www.tronc.com/gdpr/latimes.com/,https://web.archive.org/web/2/http://www.latimes.com/,
Lubbock Avalanche-Journal,,http://www.lubbockonline.com/,,,https://web.archive.org/web/2/http://www.lubbockonline.com/,
Madison,,https://madison.com/,,,https://web.archive.org/web/2/https://madison.com/,
Main Line Media News,,http://www.mainlinemedianews.com/,,,https://web.archive.org/web/2/http://www.mainlinemedianews.com,
Malden Observer,,http://malden.wickedlocal.com/,,,https://web.archive.org/web/2/http://malden.wickedlocal.com,
Manitoba Co-operator,,http://manitobacooperator.ca/,,,https://web.archive.org/web/2/https://www.manitobacooperator.ca/,
Manoa Now,,http://www.manoanow.org/,,,https://web.archive.org/web/2/http://www.manoanow.org/,
Mansfield News,,http://mansfield.wickedlocal.com/,,,https://web.archive.org/web/2/http://mansfield.wickedlocal.com/,
Marblehead Reporter,,http://marblehead.wickedlocal.com/,,,https://web.archive.org/web/2/http://marblehead.wickedlocal.com,
Marinscope Community Newspapers,,http://www.marinscope.com/,,,,
Marlborough Enterprise,,http://marlborough.wickedlocal.com/,,,https://web.archive.org/web/2/http://marlborough.wickedlocal.com,
Marshfield Mariner,,http://marshfield.wickedlocal.com/,,,https://web.archive.org/web/2/http://marshfield.wickedlocal.com,
Massachusetts,,http://rockland.wickedlocal.com/,,,https://web.archive.org/web/2/http://rockland.wickedlocal.com,
Mat-Su Valley Frontiersman,,https://www.frontiersman.com/,,,https://web.archive.org/web/2/https://www.frontiersman.com/,
"McAlester News-Capital (McAlester, OK)",,http://www.mcalesternews.com/,,,,
Medfield Press,,http://medfield.wickedlocal.com/,,,https://web.archive.org/web/2/http://medfield.wickedlocal.com/,
Medford Transcript,,http://medford.wickedlocal.com/,,,https://web.archive.org/web/2/http://medford.wickedlocal.com,
Melrose Free Press,,http://melrose.wickedlocal.com/,,,https://web.archive.org/web/2/http://melrose.wickedlocal.com,
Men's Journal (magazine),,https://www.mensjournal.com/,,,https://web.archive.org/web/2/https://www.mensjournal.com/,
"Miami County Republic (Paola, Kansas)",,http://www.republic-online.com/,,,,
Miami News-Record,,http://www.miamiok.com/,,,https://web.archive.org/web/2/http://www.miamiok.com,
Middletown Transcript,,http://www.middletowntranscript.com/,,,https://web.archive.org/web/2/http://www.middletowntranscript.com,
Midland Daily News,,http://www.ourmidland.com/,,,https://web.archive.org/web/2/http://www.ourmidland.com/,
Midland Reporter-Telegram,,http://www.mrt.com/,,,https://web.archive.org/web/2/http://www.mrt.com/,
Midlothian Mirror,,http://www.midlothianmirror.com/,,,https://web.archive.org/web/2/http://www.midlothianmirror.com,
Milford Beacon,,http://www.milfordbeacon.com/,,,https://web.archive.org/web/2/http://www.milfordbeacon.com,
Military News,,https://www.militarynews.com/,,,https://web.archive.org/web/2/https://www.militarynews.com/,
Mineral Daily News-Tribune,,http://www.newstribune.info/,,,https://web.archive.org/web/2/http://www.newstribune.info,
"Mineral Wells Index (Mineral Wells, TX)",,http://www.mineralwellsindex.com/,,,,
Mingo Messenger,,http://www.mingomessenger.com/,https://archive.fo/oBl8n,,,
Missoula Independent,,https://missoulanews.com/,,,https://web.archive.org/web/2/https://missoulanews.com/,
Missoulian,,https://missoulian.com/,,,https://web.archive.org/web/2/https://missoulian.com/,
Moberly Monitor Index,,http://www.moberlymonitor.com/,,,https://web.archive.org/web/2/http://www.moberlymonitor.com,
Monroe County Post,,http://www.monroecopost.com/,,,https://web.archive.org/web/2/http://www.monroecopost.com,
Montana Kaimin,,http://www.montanakaimin.com/,,,https://web.archive.org/web/2/http://www.montanakaimin.com/,
Montevideo American-News,,http://www.montenews.com/,,,https://web.archive.org/web/2/http://www.montenews.com,
"Montgomery Herald (Montgomery, WV)",,http://www.montgomery-herald.com/,,,,
Montgomery Media,,http://www.montgomerynews.com/,,,https://web.archive.org/web/2/http://www.montgomerynews.com/,
Montrose Daily Press,,https://www.montrosepress.com/,,,,
"Morehead News (Morehead, KY)",,http://www.themoreheadnews.com/,,,,
Morning Sun,,http://www.morningsun.net/,,,https://web.archive.org/web/2/http://www.morningsun.net,
Morton Times-News,,http://www.mortontimesnews.com/,,,https://web.archive.org/web/2/http://www.mortontimesnews.com,
Moscow Villager,,http://www.moscowvillager.com/,,,https://web.archive.org/web/2/http://www.moscowvillager.com,
Moultrie News,,https://www.moultrienews.com/,,,,
Mount Shasta Herald,,http://www.mtshastanews.com/,,,https://web.archive.org/web/2/http://www.mtshastanews.com,
Murray Ledger and Times,,https://www.murrayledger.com/,,,https://web.archive.org/web/2/https://www.murrayledger.com/,
Muscatine Journal,,https://muscatinejournal.com/,,,https://web.archive.org/web/2/https://muscatinejournal.com/,
Muscle & Fitness (magazine),,https://www.muscleandfitness.com/,,,https://web.archive.org/web/2/https://www.muscleandfitness.com/,
Musician's Friend,,https://www.musiciansfriend.com/,https://webrecorder.io/verifiedjoseph/451-unavailable-due-to-legal-reasons-gdpr/list/other/b5/20180716212136/https://www.musiciansfriend.com/,,https://web.archive.org/web/2/https://www.musiciansfriend.com/,
MyTownNEO,,http://www.mytownneo.com/,,,https://web.archive.org/web/2/http://www.mytownneo.com/,
Napa Valley Register,,https://napavalleyregister.com/,,,https://web.archive.org/web/2/https://napavalleyregister.com/,
Natick Bulletin & TAB,,http://natick.wickedlocal.com/,,,https://web.archive.org/web/2/http://natick.wickedlocal.com,
National Collegiate Athletic Association,,https://www.ncaa.com/,https://webrecorder.io/verifiedjoseph/451-unavailable-due-to-legal-reasons-gdpr/20180716213332/https://international.ncaa.com/,,https://web.archive.org/web/2/https://ncaa.com,
National Enquirer (magazine),,https://www.nationalenquirer.com/,,,https://web.archive.org/web/2/https://www.nationalenquirer.com/,
Nebraska City News-Press,,http://www.ncnewspress.com/,,,https://web.archive.org/web/2/http://www.ncnewspress.com,
Needham Times,,http://needham.wickedlocal.com/,,,https://web.archive.org/web/2/http://needham.wickedlocal.com,
Neosho Daily News,,http://www.neoshodailynews.com/,,,https://web.archive.org/web/2/http://www.neoshodailynews.com,
Nevada Journal,,http://www.nevadaiowajournal.com/,,,https://web.archive.org/web/2/http://www.nevadaiowajournal.com,
"New Castle News (New Castle, PA)",,http://www.ncnewsonline.com/,,,,
New Haven Register,,http://www.nhregister.com/,,,https://web.archive.org/web/2/http://www.nhregister.com/,
New York Daily News,,http://www.nydailynews.com/,https://archive.fo/TuLus,https://webrecorder.io/verifiedjoseph/451-unavailable-due-to-legal-reasons-gdpr/list/tronc-inc-websites/b4/20180713144202/http://www.tronc.com/gdpr/nydailynews.com/,https://web.archive.org/web/2/http://nydailynews.com/,
Newburyport Current,,http://newburyport.wickedlocal.com/,,,https://web.archive.org/web/2/http://newburyport.wickedlocal.com,
Newcomerstown News,,http://www.newcomerstown-news.com/,,,https://web.archive.org/web/2/http://www.newcomerstown-news.com/,
Newport Independent,,http://www.newportindependent.com/,,,https://web.archive.org/web/2/http://www.newportindependent.com,
News & Record,,https://www.greensboro.com/,,,,
News Chief,,http://www.newschief.com/,,,https://web.archive.org/web/2/http://www.newschief.com,
News Eagle,,http://www.neagle.com/,,,https://web.archive.org/web/2/http://www.neagle.com,
News-Press Now,,http://www.newspressnow.com/,,,https://web.archive.org/web/2/http://www.newspressnow.com/,
Newsday,,https://www.newsday.com/,https://webrecorder.io/verifiedjoseph/451-unavailable-due-to-legal-reasons-gdpr/20180716213104/https://projects.newsday.com/gdpr/,,https://web.archive.org/web/2/https://www.newsday.com/,
Newton Press-Mentor,,http://www.pressmentor.com/,,,https://web.archive.org/web/2/http://www.pressmentor.com,
Newton TAB,,http://newton.wickedlocal.com/,,,https://web.archive.org/web/2/http://newton.wickedlocal.com,
"Niagara Gazette (Niagara Falls, NY)",,http://www.niagara-gazette.com/,,,,
"Nogales International (Nogales, Arizona)",,https://www.nogalesinternational.com/,,,,
North Andover Citizen,,http://northandover.wickedlocal.com/,,,https://web.archive.org/web/2/http://northandover.wickedlocal.com,
North Attleborough Free Press,,http://northattleborough.wickedlocal.com/,,,https://web.archive.org/web/2/http://northattleborough.wickedlocal.com/,
"North Jefferson News (Gardendale, AL)",,http://www.njeffersonnews.com/,,,,
North Neighbor News,,http://www.northneighbornews.com/,,,https://web.archive.org/web/2/http://www.northneighbornews.com,
Northern Star (Northern Illinois University),,https://northernstar.info/,,,https://web.archive.org/web/2/https://northernstar.info/,
Northwest Florida Daily News,,http://www.nwfdailynews.com/,,,https://web.archive.org/web/2/http://www.nwfdailynews.com,
Northwest Missourian,,https://www.nwmissourinews.com/,,,https://web.archive.org/web/2/https://www.nwmissourinews.com/,
Norwell Mariner,,http://norwell.wickedlocal.com/,,,https://web.archive.org/web/2/http://norwell.wickedlocal.com,
Norwood Transcript & Bulletin,,http://norwood.wickedlocal.com/,,,https://web.archive.org/web/2/http://norwood.wickedlocal.com,
Nueces County Record Star,,http://www.recordstar.com/,,,https://web.archive.org/web/2/http://www.recordstar.com,
Observer-Dispatch,,http://www.uticaod.com/,,,https://web.archive.org/web/2/http://www.uticaod.com,
Ocala StarBanner,,http://www.ocala.com/,,,https://web.archive.org/web/2/http://www.ocala.com,
Odessa American,,https://www.oaoa.com/,,,,
Oklahoma’s News Channel 4,,https://kfor.com/,,,https://web.archive.org/web/2/https://kfor.com/,
Old Colony Memorial,,http://plymouth.wickedlocal.com/,,,https://web.archive.org/web/2/http://plymouth.wickedlocal.com/,
Olney Daily Mail,,http://www.olneydailymail.com/,,,https://web.archive.org/web/2/http://www.olneydailymail.com,
Omaha World-Herald,,https://www.omaha.com/,,,https://web.archive.org/web/2/http://omaha.com/,
Orange Media Network,,http://www.orangemedianetwork.com/,,,,
Orange Observer,,https://www.orangeobserver.com/,,,https://web.archive.org/web/2/https://www.orangeobserver.com/,
Orion Gazette,,http://www.oriongazette.com/,,,https://web.archive.org/web/2/http://www.oriongazette.com,
Orlando Sentinel,,http://www.orlandosentinel.com/,https://archive.fo/nlf5I,https://webrecorder.io/verifiedjoseph/451-unavailable-due-to-legal-reasons-gdpr/list/tronc-inc-websites/b3/20180713144206/http://www.tronc.com/gdpr/orlandosentinel.com/,https://web.archive.org/web/2/http://www.orlandosentinel.com/,
Ormond Beach Observer,,https://www.ormondbeachobserver.com/,,,https://web.archive.org/web/2/https://www.ormondbeachobserver.com/,
"Ottumwa Daily Courier (Ottumwa, IA)",,http://www.ottumwacourier.com/,,,,
"Palestine Herald-Press (Palestine, TX)",,http://www.palestineherald.com/,,,,
Palm Coast Observer,,https://www.palmcoastobserver.com/,,,https://web.archive.org/web/2/https://www.palmcoastobserver.com/,
Panama City News Herald ,,http://www.newsherald.com/,,,https://web.archive.org/web/2/http://www.newsherald.com,
Paris Express,,http://www.paris-express.com/,,,https://web.archive.org/web/2/http://www.paris-express.com,
ParkerPioneer.net,,https://www.parkerpioneer.net/,,,,
"Pauls Valley Democrat (Pauls Valley, OK)",,http://www.paulsvalleydailydemocrat.com/,,,,
Pawhuska Journal-Capital,,http://www.pawhuskajournalcapital.com/,,,https://web.archive.org/web/2/http://www.pawhuskajournalcapital.com,
Pekin Daily Times,,http://www.pekintimes.com/,,,https://web.archive.org/web/2/http://www.pekintimes.com,
"Pella Chronicle (Pella, IA)",,http://www.pellachronicle.com/,,,,
Pembroke Mariner & Express,,http://pembroke.wickedlocal.com/,,,https://web.archive.org/web/2/http://pembroke.wickedlocal.com/,
Peninsula News,,https://www.pvnews.com/,,,https://web.archive.org/web/2/http://www.pvnews.com/,
Perry Chief,,http://www.theperrychief.com/,,,https://web.archive.org/web/2/http://www.theperrychief.com,
Picayune-Times,,http://www.picayune-times.com/,,,https://web.archive.org/web/2/http://www.picayune-times.com,
Pinal Central,,https://www.pinalcentral.com/,,,https://web.archive.org/web/2/http://www.trivalleycentral.com/,
Pine Bluff Commercial,,http://www.pbcommercial.com/,,,https://web.archive.org/web/2/http://www.pbcommercial.com/,
Plainview Daily Herald,,http://www.myplainview.com/,,,https://web.archive.org/web/2/http://www.myplainview.com/,
Plant City Times & Observer,,https://www.plantcityobserver.com/,,,https://web.archive.org/web/2/https://www.plantcityobserver.com/,
Pocono Record,,http://www.poconorecord.com/,,,https://web.archive.org/web/2/http://www.poconorecord.com,
Port Orange Observer,,https://www.portorangeobserver.com/,,,https://web.archive.org/web/2/https://www.portorangeobserver.com/,
Portland’s CW,,http://portlandscw.com/,https://archive.fo/R7e8d,,https://web.archive.org/web/2/http://portlandscw.com/,
Portsmouth Herald,,http://www.seacoastonline.com/,,,https://web.archive.org/web/2/http://www.seacoastonline.com,
Post South,,http://www.postsouth.com/,,,https://web.archive.org/web/2/http://www.postsouth.com,
Press Argus-Courier,,http://www.pressargus.com/,,,https://web.archive.org/web/2/http://www.pressargus.com,
"Princeton Times (Princeton, WV)",,http://www.ptonline.net/,,,,
Prosper Press,,http://www.prosperpressnews.com/,,,https://web.archive.org/web/2/http://www.prosperpressnews.com,
Provincetown Banner,,http://provincetown.wickedlocal.com/,,,https://web.archive.org/web/2/http://provincetown.wickedlocal.com/,
Purdue Exponent,,https://www.purdueexponent.org/,,,https://web.archive.org/web/2/https://www.purdueexponent.org/,
Q13 FOX,,https://q13fox.com/,https://archive.fo/xxFBj,,https://web.archive.org/web/2/https://q13fox.com/,
Quad-City Times,,https://qctimes.com/,,,https://web.archive.org/web/2/https://qctimes.com/,
Radar Online,,https://radaronline.com/,,,https://web.archive.org/web/2/https://radaronline.com/,
Randolph Herald,,http://randolph.wickedlocal.com/,,,https://web.archive.org/web/2/http://randolph.wickedlocal.com,
Rapid City Journal,,https://rapidcityjournal.com/,,,https://web.archive.org/web/2/https://rapidcityjournal.com/,
Ravalli Republic,,https://ravallirepublic.com/,,,https://web.archive.org/web/2/https://ravallirepublic.com/,
Raynham Call,,http://raynham.wickedlocal.com/,,,https://web.archive.org/web/2/http://raynham.wickedlocal.com/,
"Read it Free  (Paola, Kansas)",,http://www.readitfree.com/,,,,
Record Herald,,http://www.therecordherald.com/,,,https://web.archive.org/web/2/http://www.therecordherald.com,
Record-Courier,,http://www.record-courier.com/,,,https://web.archive.org/web/2/http://www.record-courier.com,
Redwood Gazette,,http://www.redwoodfallsgazette.com/,,,https://web.archive.org/web/2/http://www.redwoodfallsgazette.com,
"Richmond Register (Richmond, KY)",,http://www.richmondregister.com/,,,,
Richmond Times-Dispatch,,https://www.richmond.com/,,,https://web.archive.org/web/2/http://www.richmond.com/,
Rockford Register Star,,http://www.rrstar.com/,,,https://web.archive.org/web/2/http://www.rrstar.com,
"Rockwall County Herald Banner (Greenville, TX)",,http://www.rockwallheraldbanner.com/,,,,
Rolla Daily News,,http://www.therolladailynews.com/,,,https://web.archive.org/web/2/http://www.therolladailynews.com,
Roslindale Transcript,,http://roslindale.wickedlocal.com/,,,https://web.archive.org/web/2/http://roslindale.wickedlocal.com,
"Royse City Herald Banner (Greenville, TX)",,http://www.roysecityheraldbanner.com/,,,,
Runnels County Register,,http://www.runnelscountyregister.com/,,,https://web.archive.org/web/2/http://www.runnelscountyregister.com,
"Rushville Republican (Rushville, IN)",,http://www.rushvillerepublican.com/,,,,
Sahuarita Sun,,https://www.sahuaritasun.com/,,,,
Salem Gazette,,http://salem.wickedlocal.com/,,,https://web.archive.org/web/2/http://salem.wickedlocal.com,
Salina Journal,,http://www.salina.com/,,,https://web.archive.org/web/2/http://www.salina.com,
San Pedro Valley News-Sun,,https://www.bensonnews-sun.com/,,,,
Santa Maria Times,,https://santamariatimes.com/,,,https://web.archive.org/web/2/https://santamariatimes.com/,
Santa Rosa's Press Gazette,,http://www.srpressgazette.com/,,,https://web.archive.org/web/2/http://www.srpressgazette.com,
Saugus Advertiser,,http://saugus.wickedlocal.com/,,,https://web.archive.org/web/2/http://saugus.wickedlocal.com,
Savannah Morning News,,http://www.savannahnow.com/,,,https://web.archive.org/web/2/http://www.savannahnow.com,
Scituate Mariner,,http://scituate.wickedlocal.com/,,,https://web.archive.org/web/2/http://scituate.wickedlocal.com,
Seattle Post-Intelligencer,,http://www.seattlepi.com/,,,https://web.archive.org/web/2/http://www.seattlepi.com/,
Sharon Advocate,,http://sharon.wickedlocal.com/,,,https://web.archive.org/web/2/http://sharon.wickedlocal.com,
Shawnee News-Star,,http://www.news-star.com/,,,https://web.archive.org/web/2/http://www.news-star.com,
"Shelbyville Daily Union (Shelbyville, IL)",,http://www.shelbyvilledailyunion.com/,,,,
Shrewsbury Chronicle,,http://shrewsbury.wickedlocal.com/,,,https://web.archive.org/web/2/http://shrewsbury.wickedlocal.com/,
Sioux City Journal,,https://siouxcityjournal.com/,,,https://web.archive.org/web/2/https://siouxcityjournal.com/,
Siskiyou Daily News,,http://www.siskiyoudaily.com/,,,https://web.archive.org/web/2/http://www.siskiyoudaily.com,
Skagit Valley Herald,,http://goskagit.com/,,,,
Sleepy Eye Herald-Dispatch,,http://www.sleepyeyenews.com/,,,https://web.archive.org/web/2/http://www.sleepyeyenews.com,
Smyrna/Clayton Sun-Times,,http://www.scsuntimes.com/,,,https://web.archive.org/web/2/http://www.scsuntimes.com,
Soap Opera Digest,,https://www.soapoperadigest.com/,,,https://web.archive.org/web/2/https://www.soapoperadigest.com/,
Somerville Journal,,http://somerville.wickedlocal.com/,,,https://web.archive.org/web/2/http://somerville.wickedlocal.com,
South Bend Tribune,,https://www.southbendtribune.com/,,,,
South Idaho Press,,https://magicvalley.com/,,,https://web.archive.org/web/2/https://magicvalley.com/,
South Strand News,,https://www.southstrandnews.com/,,,,
Southern Rhode Island Newspapers,,https://www.ricentral.com/,,,,
southernminn.com,,http://www.southernminn.com/,,,https://web.archive.org/web/2/http://www.southernminn.com/,
Southwest Times Record,,http://www.swtimes.com/,,,https://web.archive.org/web/2/http://www.swtimes.com,
"St. Clair News Aegis (Pell City, AL)",,http://www.newsaegis.com/,,,,
St. James Plaindealer ,,http://www.stjamesnews.com/,,,https://web.archive.org/web/2/http://www.stjamesnews.com,
St. John News,,http://www.sjnewsonline.com/,,,https://web.archive.org/web/2/http://www.sjnewsonline.com,
St. Louis Jewish Light,,http://www.stljewishlight.com/,,,https://web.archive.org/web/2/http://www.stljewishlight.com/,
St. Louis Post-Dispatch,,https://www.stltoday.com/,https://archive.fo/DK3A1,,https://web.archive.org/web/2/https://www.stltoday.com/,
"Standard Journal (Rexburg, Idaho)",,https://www.rexburgstandardjournal.com/,,,https://web.archive.org/web/2/https://www.rexburgstandardjournal.com/,
Star (magazine),,https://starmagazine.com/,,,https://web.archive.org/web/2/https://starmagazine.com/,
Star Courier,,http://www.starcourier.com/,,,https://web.archive.org/web/2/http://www.starcourier.com,
StarNews,,http://www.starnewsonline.com/,,,https://web.archive.org/web/2/http://www.starnewsonline.com,
Stephenville Empire-Tribune,,http://www.yourstephenvilletx.com/,,,https://web.archive.org/web/2/http://www.yourstephenvilletx.com,
Steuben Courier Advocate,,http://www.steubencourier.com/,,,https://web.archive.org/web/2/http://www.steubencourier.com,
Stoneham Sun,,http://stoneham.wickedlocal.com/,,,https://web.archive.org/web/2/http://stoneham.wickedlocal.com,
Stoughton Journal,,http://stoughton.wickedlocal.com/,,,https://web.archive.org/web/2/http://stoughton.wickedlocal.com,
Sturgis Journal,,http://www.sturgisjournal.com/,,,https://web.archive.org/web/2/http://www.sturgisjournal.com,
Stuttgart Daily Leader,,http://www.stuttgartdailyleader.com/,,,https://web.archive.org/web/2/http://www.stuttgartdailyleader.com/,
Sun Journal,,http://www.newbernsj.com/,,,https://web.archive.org/web/2/http://www.newbernsj.com,
Sun-Sentinel,,http://www.sun-sentinel.com/,https://archive.fo/iY8JB,https://webrecorder.io/verifiedjoseph/451-unavailable-due-to-legal-reasons-gdpr/list/tronc-inc-websites/b2/20180713144210/http://www.tronc.com/gdpr/sun-sentinel.com/,https://web.archive.org/web/2/http://sun-sentinel.com/,
Sussex Living,,http://www.sussexcountian.com/,,,https://web.archive.org/web/2/http://www.sussexcountian.com/,
"Suwannee Democrat (Live Oak, FL)",,http://www.suwanneedemocrat.com/,,,,
Swampscott Reporter,,http://swampscott.wickedlocal.com/,,,https://web.archive.org/web/2/http://swampscott.wickedlocal.com,
Syracuse Journal Democrat,,http://www.journaldemocrat.com/,,,https://web.archive.org/web/2/http://www.journaldemocrat.com,
Taft Midway Driller,,http://www.taftmidwaydriller.com/,,,https://web.archive.org/web/2/http://www.taftmidwaydriller.com,
"Tahlequah Daily Press (Tahlequah, OK)",,http://www.tahlequahdailypress.com/,,,,
Tampa Bay Newspapers,,http://www.tbnweekly.com/,,,,
Taunton Daily Gazette,,http://www.tauntongazette.com/,,,https://web.archive.org/web/2/http://www.tauntongazette.com,
Technician Online,,http://www.technicianonline.com/,,,,
Telegram & Gazette,,http://www.telegram.com/,,,https://web.archive.org/web/2/http://www.telegram.com,
Teton Valley News,,https://www.tetonvalleynews.net/,,,https://web.archive.org/web/2/https://www.tetonvalleynews.net/,
Teutopolis Press,,http://www.teutopolispress.com/,,,https://web.archive.org/web/2/http://www.teutopolispress.com,
Tewksbury Advocate,,http://tewksbury.wickedlocal.com/,,,https://web.archive.org/web/2/http://tewksbury.wickedlocal.com,
"The Ada News (Ada, OK)",,http://www.theadanews.com/,,,,
The Advocate (Louisiana),,https://www.theadvocate.com/,,,https://web.archive.org/web/2/https://www.theadvocate.com,
The Advocate (Stamford),,http://www.stamfordadvocate.com/,,,https://web.archive.org/web/2/http://www.stamfordadvocate.com/,
The Albany Herald,,https://www.albanyherald.com/,,,https://web.archive.org/web/2/https://www.albanyherald.com/,
The Alliance Review,,http://www.the-review.com/,,,https://web.archive.org/web/2/http://www.the-review.com,
The American Israelite,,http://www.americanisraelite.com/,,,,
The Anna-Melissa Tribune,,http://www.amtrib.com/,,,https://web.archive.org/web/2/http://www.amtrib.com,
The Apalachicola Times,,http://www.apalachtimes.com/,,,https://web.archive.org/web/2/http://www.apalachtimes.com,
The Argus Observer,,https://www.argusobserver.com/,,,,
The Arkansas Traveler,,http://www.uatrav.com/,,,,
The Augusta Chronicle,,http://www.augustachronicle.com/,,,https://web.archive.org/web/2/http://www.augustachronicle.com,
The Barnstable Patriot,,http://www.barnstablepatriot.com/,,,https://web.archive.org/web/2/http://www.barnstablepatriot.com,
The Battalion (Texas A&M University),,http://www.thebatt.com/,,,,
The Baytown Sun,,http://baytownsun.com/,,,,
The Beach Reporter,,http://tbrnews.com/,,,https://web.archive.org/web/2/http://tbrnews.com/,
The Beacon,,http://acton.wickedlocal.com/,,,https://web.archive.org/web/2/http://acton.wickedlocal.com,
The Beacon-Villager,,http://maynard.wickedlocal.com/,,,https://web.archive.org/web/2/http://maynard.wickedlocal.com/,
The Beaumont Enterprise,,https://www.beaumontenterprise.com/,,,https://web.archive.org/web/2/http://beaumontenterprise.com/,
The Berkeley Independent,,https://www.berkeleyind.com/,,,,
The Bismarck Tribune,,https://bismarcktribune.com/,,,https://web.archive.org/web/2/https://bismarcktribune.com/,
The Brandon Sun,,https://www.brandonsun.com/,https://archive.fo/iHi7a,https://web.archive.org/web/20180713163605/https://www.brandonsun.com/gdpr/,https://web.archive.org/web/2/https://www.brandonsun.com/,
The Brownsville Herald,,https://www.brownsvilleherald.com/,,,,
The Bryan Times,,https://www.bryantimes.com/,,,https://web.archive.org/web/2/https://www.bryantimes.com/,
The Bryan-College Station Eagle,,https://www.theeagle.com/,,,,
The Bulletin,,http://falmouth.wickedlocal.com/,,,https://web.archive.org/web/2/http://falmouth.wickedlocal.com/,
The Bulletin (Norwich),,http://www.norwichbulletin.com/,,,https://web.archive.org/web/2/http://www.norwichbulletin.com/,
"The Call (Woonsocket, Rhode Island)",,https://www.woonsocketcall.com/,,,,
The Cape Codder,,http://brewster.wickedlocal.com/,,,https://web.archive.org/web/2/http://brewster.wickedlocal.com/,
The Carmi Times,,http://www.carmitimes.com/,,,https://web.archive.org/web/2/http://www.carmitimes.com,
The Carthage Press,,http://www.carthagepress.com/,,,https://web.archive.org/web/2/http://www.carthagepress.com,
The Chart (Missouri Southern State Uni),,https://www.thechartonline.com/,,,https://web.archive.org/web/2/https://www.thechartonline.com/,
The Chippewa Herald,,https://chippewa.com/,,,https://web.archive.org/web/2/https://chippewa.com/,
The Chronicle-Express,,http://www.chronicle-express.com/,,,https://web.archive.org/web/2/http://www.chronicle-express.com,
The Citizen (Auburn),,https://auburnpub.com/,,,https://web.archive.org/web/2/https://auburnpub.com/,
The Clay County Advocate-Press,,http://www.advocatepress.com/,,,https://web.archive.org/web/2/http://www.advocatepress.com,
The Colgate Maroon-News,,http://www.thecolgatemaroonnews.com/,,,,
The Columbus Dispatch,,http://www.dispatch.com/,,,https://web.archive.org/web/2/http://www.dispatch.com/,
The Concord Journal,,http://concord.wickedlocal.com/,,,https://web.archive.org/web/2/http://concord.wickedlocal.com,
The Conway Daily Sun,,https://www.conwaydailysun.com/,,,,
The Courier,,http://www.lincolncourier.com/,,,https://web.archive.org/web/2/http://www.lincolncourier.com,
The Courier-Tribune,,http://www.courier-tribune.com/,,,https://web.archive.org/web/2/http://www.courier-tribune.com,
"The Cullman Times (Cullman, AL)",,http://www.cullmantimes.com/,,,,
The Daily Athenaeum,,http://www.thedaonline.com/,,,,
"The Daily Citizen (Dalton, GA)",,http://www.dailycitizen.news/,,,,
The Daily Collegian,,https://www.collegian.psu.edu/,,,https://web.archive.org/web/2/https://www.collegian.psu.edu/,
"The Daily Courier (Forest City, North Carolina)",,http://www.thedigitalcourier.com/,,,,
"The Daily Dispatch (Henderson, North Carolina)",,http://www.hendersondispatch.com/,,,,
The Daily Helmsman,,http://www.dailyhelmsman.com/,,,,
The Daily Herald,,http://www.columbiadailyherald.com/,,,https://web.archive.org/web/2/http://www.columbiadailyherald.com,
The Daily Independent,,http://www.ridgecrestca.com/,,,https://web.archive.org/web/2/http://www.ridgecrestca.com,
"The Daily Item (Sunbury, PA)",,http://www.dailyitem.com/,,,,
The Daily Jeffersonian,,http://www.daily-jeff.com/,,,https://web.archive.org/web/2/http://www.daily-jeff.com,
The Daily Leader,,http://www.pontiacdailyleader.com/,,,https://web.archive.org/web/2/http://www.pontiacdailyleader.com,
The Daily Ledger,,http://www.cantondailyledger.com/,,,https://web.archive.org/web/2/http://www.cantondailyledger.com,
The Daily Nebraskan,,http://www.dailynebraskan.com/,,,,
The Daily News,,http://www.jdnews.com/,,,https://web.archive.org/web/2/http://www.jdnews.com,
The Daily News (Kentucky),,https://www.bgdailynews.com/,,,https://web.archive.org/web/2/https://www.bgdailynews.com/,
The Daily News (Longview),,https://tdn.com/,,,https://web.archive.org/web/2/https://tdn.com/,
The Daily News of Newburyport,,http://www.newburyportnews.com/,,,https://web.archive.org/web/2/http://www.newburyportnews.com/,
The Daily of the University of Washington,,http://www.dailyuw.com/,,,,
The Daily Progress,,https://www.dailyprogress.com/,,,https://web.archive.org/web/2/http://www.dailyprogress.com/,
The Daily Record,,http://www.the-daily-record.com/,,,https://web.archive.org/web/2/http://www.the-daily-record.com,
The Daily Reporter,,http://www.thedailyreporter.com/,,,https://web.archive.org/web/2/http://www.thedailyreporter.com,
The Daily Reveille,,http://www.lsunow.com/,,,https://web.archive.org/web/2/http://www.lsunow.com/,
The Daily Siftings Herald,,http://www.siftingsherald.com/,,,https://web.archive.org/web/2/http://www.siftingsherald.com/,
"The Daily Star (Oneonta, NY)",,http://www.thedailystar.com/,,,,
The Daily Telegram,,http://www.lenconnect.com/,,,https://web.archive.org/web/2/http://www.lenconnect.com,
The Daily Toreador,,http://www.dailytoreador.com/,,,,
The Daytona Beach News-Journal,,http://www.news-journalonline.com/,,,https://web.archive.org/web/2/http://www.news-journalonline.com,
The Del-Rio News Herald,,http://delrionewsherald.com/,,,,
The Destin Log,,http://www.thedestinlog.com/,,,https://web.archive.org/web/2/http://www.thedestinlog.com,
The Dispatch,,https://qconline.com/,,,https://web.archive.org/web/2/https://qconline.com/,
The Dispatch,,http://www.the-dispatch.com/,,,https://web.archive.org/web/2/http://www.the-dispatch.com,
"The Duncan Banner (Duncan, OK)",,http://www.duncanbanner.com/,,,,
The Eagle-Tribune,,http://www.eagletribune.com/,,,https://web.archive.org/web/2/http://www.eagletribune.com/,
The East Carolinian,,http://www.theeastcarolinian.com/,,,,
"The Enquirer Journal (Monroe, North Carolina)",,http://www.enquirerjournal.com/,,,,
The Enterprise,,http://www.enterprisenews.com/,,,https://web.archive.org/web/2/http://www.enterprisenews.com,
The Evening Tribune,,http://www.eveningtribune.com/,,,https://web.archive.org/web/2/http://www.eveningtribune.com,
The Examiner,,http://www.examiner.net/,,,https://web.archive.org/web/2/http://www.examiner.net,
The Facts,,http://thefacts.com/,,,,
"The Fayette Tribune (Oak Hill, WV)",,http://www.fayettetribune.com/,,,,
The Fayetteville Observer,,http://www.fayobserver.com/,,,https://web.archive.org/web/2/http://www.fayobserver.com,
The Florida Times-Union,,http://www.jacksonville.com/,,,https://web.archive.org/web/2/http://www.jacksonville.com,
The Free Press,,http://www.kinston.com/,,,https://web.archive.org/web/2/http://www.kinston.com,
The Free Press (Mankato),,http://www.mankatofreepress.com/,,,https://web.archive.org/web/2/http://www.mankatofreepress.com/,
The Gadsden Times,,http://www.gadsdentimes.com/,,,https://web.archive.org/web/2/http://www.gadsdentimes.com,
The Gainesville Sun,2018-07-28,http://www.gainesville.com/,,,https://web.archive.org/web/2/http://www.gainesville.com,
The Galveston Daily News,,http://www.galvestondailynews.com/,,,,
The Garden City Telegram,,http://www.gctelegram.com/,,,https://web.archive.org/web/2/http://www.gctelegram.com,
The Gaston Gazette,,http://www.gastongazette.com/,,,https://web.archive.org/web/2/http://www.gastongazette.com,
The Gazette (South Carolina),,https://www.ourgazette.com/,,,,
The Gridley Herald,,http://www.gridleyherald.com/,,,https://web.archive.org/web/2/http://www.gridleyherald.com,
"The Griffin Daily News (Spalding County, Georgia)",,http://www.griffindailynews.com/,,,,
"The Haverhill Gazette (Haverhill, MA)",,http://www.hgazette.com/,,,,
The Hawk Eye,,http://www.thehawkeye.com/,,,https://web.archive.org/web/2/http://www.thehawkeye.com,
The Hays Daily News,,http://www.hdnews.net/,,,https://web.archive.org/web/2/http://www.hdnews.net,
The Helena-West Helena World,,http://www.helena-arkansas.com/,,,https://web.archive.org/web/2/http://www.helena-arkansas.com,
The Herald (Sharon),,http://www.sharonherald.com/,,,https://web.archive.org/web/2/http://www.sharonherald.com/,
The Herald Bulletin,,http://www.heraldbulletin.com/,,,https://web.archive.org/web/2/http://www.heraldbulletin.com/,
"The Herald Journal (Logan, Utah)",,https://www.hjnews.com/,,,https://web.archive.org/web/2/https://www.hjnews.com/,
The Herald News,,http://www.heraldnews.com/,,,https://web.archive.org/web/2/http://www.heraldnews.com,
The Herald-Dispatch,,http://www.herald-dispatch.com/,,,,
"The Herald-Palladium (St. Joseph, Michigan)",,https://www.heraldpalladium.com/,,,,
The Herkimer Times Telegram,,http://www.timestelegram.com/,,,https://web.archive.org/web/2/http://www.timestelegram.com,
The Hingham Journal,,http://hingham.wickedlocal.com/,,,https://web.archive.org/web/2/http://hingham.wickedlocal.com,
The Hockey News,2018-06-26,https://thehockeynews.com/,,,https://web.archive.org/web/2/https://thehockeynews.com/,
The Holland Sentinel,,http://www.hollandsentinel.com/,,,https://web.archive.org/web/2/http://www.hollandsentinel.com,
The Hopkinton Crier,,http://hopkinton.wickedlocal.com/,,,https://web.archive.org/web/2/http://hopkinton.wickedlocal.com/,
"The Huntsville Item (Huntsville, TX)",,http://www.itemonline.com/,,,,
The Hutchinson News,,http://www.hutchnews.com/,,,https://web.archive.org/web/2/http://www.hutchnews.com,
The Independent,,http://www.indeonline.com/,,,https://web.archive.org/web/2/http://www.indeonline.com,
The Independent,,http://www.independentri.com/,,,https://web.archive.org/web/2/http://www.independentri.com,
"The Independent (Ashland, KY)",,http://www.dailyindependent.com/,,,,
The Independent Florida Alligator,,https://www.alligator.org/,,,https://web.archive.org/web/2/https://www.alligator.org/,
The Inquirer and Mirror,,http://www.ack.net/,,,https://web.archive.org/web/2/http://www.ack.net,
The Intelligencer,,http://www.theintell.com/,,,https://web.archive.org/web/2/http://www.theintell.com,
The Ionian,,http://www.ioniannews.com/,,,https://web.archive.org/web/2/http://www.ioniannews.com/,
The Joplin Globe,,http://www.joplinglobe.com/,,,https://web.archive.org/web/2/http://www.joplinglobe.com/,
The Journal-Standard,,http://www.journalstandard.com/,,,https://web.archive.org/web/2/http://www.journalstandard.com,
The Kentucky Kernel,,http://www.kykernel.com/,,,,
The Kerrville Daily Times,,http://dailytimes.com/,,,,
The Laconia Daily Sun,,https://www.laconiadailysun.com/,,,https://web.archive.org/web/2/https://www.laconiadailysun.com/,
The Lake News Online,,http://www.lakenewsonline.com/,,,https://web.archive.org/web/2/http://www.lakenewsonline.com,
"The Land (Mankato, MN)",,http://www.thelandonline.com/,,,,
The Leader,,http://www.the-leader.com/,,,https://web.archive.org/web/2/http://www.the-leader.com,
"The Lebanon Reporter (Lebanon, IN)",,http://www.reporter.net/,,,,
The Ledger,,http://www.theledger.com/,,,https://web.archive.org/web/2/http://www.theledger.com,
The Lee Clarion,,http://www.leeclarion.com/,,,,
The Logan Banner,,http://www.loganbanner.com/,,,,
The Lompoc Record,,https://lompocrecord.com/,,,https://web.archive.org/web/2/https://lompocrecord.com/,
The Lufkin Daily News,,http://lufkindailynews.com/,,,,
The McDonough County Voice,,http://www.mcdonoughvoice.com/,,,https://web.archive.org/web/2/http://www.mcdonoughvoice.com,
The McPherson Sentinel,,http://www.mcphersonsentinel.com/,,,https://web.archive.org/web/2/http://www.mcphersonsentinel.com,
"The Meadville Tribune (Meadville, PA)",,http://www.meadvilletribune.com/,,,,
"The Meridian Star (Meridian, MS)",,http://www.meridianstar.com/,,,,
"The Messenger (Madisonville, Kentucky)",,http://www.the-messenger.com/,,,,
"The Messenger-Inquirer (Owensboro, Kentucky)",,http://www.messenger-inquirer.com/,,,,
The MetroWest Daily News,,http://www.metrowestdailynews.com/,,,https://web.archive.org/web/2/http://www.metrowestdailynews.com,
The Mexico Ledger,,http://www.mexicoledger.com/,,,https://web.archive.org/web/2/http://www.mexicoledger.com,
The Middletown Press,,http://www.middletownpress.com/,,,https://web.archive.org/web/2/http://www.middletownpress.com/,
The Milford Daily News,,http://www.milforddailynews.com/,,,https://web.archive.org/web/2/http://www.milforddailynews.com,
The Mirror,,http://www.mayportmirror.com/,,,https://web.archive.org/web/2/http://www.mayportmirror.com,
The Monitor,,https://www.themonitor.com/,,,,
The Monroe News,,http://www.monroenews.com/,,,https://web.archive.org/web/2/http://www.monroenews.com,
The Montana Standard,,https://mtstandard.com/,,,https://web.archive.org/web/2/https://mtstandard.com/,
"The Moore American (Moore, OK)",,http://www.mooreamerican.com/,,,,
The Morning Call,,http://www.mcall.com/,https://archive.fo/0dmsw,https://webrecorder.io/verifiedjoseph/451-unavailable-due-to-legal-reasons-gdpr/list/tronc-inc-websites/b13/20180714132956/http://www.tronc.com/gdpr/mcall.com/,https://web.archive.org/web/2/http://mcall.com/,
"The Moultrie Observer (Moultrie, GA)",,http://www.moultrieobserver.com/,,,,
"The Mountain Press (Sevierville, Tennessee)",,http://www.themountainpress.com/,,,,
"The Muskogee Phoenix (Muskogee, OK)",,http://www.muskogeephoenix.com/,,,,
The Nacogdoches Daily Sentinel,,http://dailysentinel.com/,,,,
"The News (Kingstree, South Carolina)",,https://www.kingstreenews.com/,,,,
"The News and Tribune (Jeffersonville, IN)",,http://www.newsandtribune.com/,,,,
"The News Courier (Athens, AL)",,http://www.enewscourier.com/,,,,
The News Herald,,http://www.thenewsherald.com/,,,https://web.archive.org/web/2/http://www.thenewsherald.com/,
The News-Dispatch (Northwest Indiana),,https://www.thenewsdispatch.com/,,,,
The News-Times,,http://www.newstimes.com/,,,https://web.archive.org/web/2/http://www.newstimes.com/,
The Newton Kansan,,http://www.thekansan.com/,,,https://web.archive.org/web/2/http://www.thekansan.com,
"The Norman Transcript (Norman, OK)",,http://www.normantranscript.com/,,,,
The North Augusta Star,,https://www.northaugustastar.com/,,,,
The Norwalk Hour ,,http://www.thehour.com/,,,https://web.archive.org/web/2/http://www.thehour.com/,
The O'Colly,,http://www.ocolly.com/,,,,
The Oak Ridger,,http://www.oakridger.com/,,,https://web.archive.org/web/2/http://www.oakridger.com,
The Oklahoma Daily,,http://www.oudaily.com/,,,https://web.archive.org/web/2/http://www.oudaily.com/,
"The Oskaloosa Herald (Oskaloosa, IA)",,http://www.oskaloosa.com/,,,,
The Ottawa Herald,,http://www.ottawaherald.com/,,,https://web.archive.org/web/2/http://www.ottawaherald.com,
The Paducah Sun,,http://www.paducahsun.com/,,,,
The Pantagraph,,https://www.pantagraph.com/,,,https://web.archive.org/web/2/https://www.pantagraph.com/,
The Paris News,,http://theparisnews.com/,,,,
The Patriot Ledger,,http://www.patriotledger.com/,,,https://web.archive.org/web/2/http://www.patriotledger.com,
The Patriot Talon,,http://www.patriottalon.com/,,,,
The Pauw Wow (Saint Peter's College),,http://www.thepauwwow.org/,,,,
"The Pharos-Tribune (Logansport, IN)",,http://www.pharostribune.com/,,,,
The Philadelphia Tribune,,http://www.phillytrib.com/,https://archive.fo/sX0UY,,,
The Post and Courier,,https://www.postandcourier.com/,,,https://web.archive.org/web/2/http://www.postandcourier.com/,
The Post-Star,,https://poststar.com/,,,https://web.archive.org/web/2/https://poststar.com/,
The Press & Guide,,http://www.pressandguide.com/,,,https://web.archive.org/web/2/http://www.pressandguide.com/,
The Press of Atlantic City,,https://www.pressofatlanticcity.com/,,,https://web.archive.org/web/2/https://www.pressofatlanticcity.com/,
"The Press-Republican (Plattsburgh, NY)",,http://www.pressrepublican.com/,,,,
The Progress-Index,,http://www.progress-index.com/,,,https://web.archive.org/web/2/http://www.progress-index.com,
The Providence Journal,,http://www.providencejournal.com/,,,https://web.archive.org/web/2/http://www.providencejournal.com/,
The Reading Advocate,,http://reading.wickedlocal.com/,,,https://web.archive.org/web/2/http://reading.wickedlocal.com,
The Record,,http://www.recordnet.com/,,,https://web.archive.org/web/2/http://www.recordnet.com,
"The Record-Eagle (Traverse City, MI)",,http://www.record-eagle.com/,,,,
The Reflector,,http://www.reflector-online.com/,,,,
The Register Citizen,,https://www.registercitizen.com/,,,https://web.archive.org/web/2/https://www.registercitizen.com/,
The Register-Guard ,,http://www.registerguard.com/,,,https://web.archive.org/web/2/http://www.registerguard.com,
The Register-Herald,,http://www.register-herald.com/,,,https://web.archive.org/web/2/http://www.register-herald.com/,
The Register-Mail,,http://www.galesburg.com/,,,https://web.archive.org/web/2/http://www.galesburg.com,
The Repository,,http://www.cantonrep.com/,,,https://web.archive.org/web/2/http://www.cantonrep.com,
The Roanoke Times,,https://www.roanoke.com/,,,,
The Salem News,,http://www.salemnews.com/,,,https://web.archive.org/web/2/http://www.salemnews.com/,
The Salt Lake Tribune,,https://www.sltrib.com/,https://web.archive.org/web/20180705030420/https://local.sltrib.com/eu/,https://webrecorder.io/verifiedjoseph/451-unavailable-due-to-legal-reasons-gdpr/20180716215903/https://local.sltrib.com/eu/,https://web.archive.org/web/2/https://www.sltrib.com/,
The San Diego Union-Tribune,,http://www.sandiegouniontribune.com/,https://archive.fo/UgrKk,https://webrecorder.io/verifiedjoseph/451-unavailable-due-to-legal-reasons-gdpr/list/tronc-inc-websites/b1/20180713144213/http://www.tronc.com/gdpr/sandiegouniontribune.com/,https://web.archive.org/web/2/http://sandiegouniontribune.com/,
The Sand Mountain Reporter,,http://sandmountainreporter.com/,,,,
The Sandwich Broadsider,,http://sandwich.wickedlocal.com/,,,https://web.archive.org/web/2/http://sandwich.wickedlocal.com/,
"The Sanford Herald (Sanford, North Carolina)",,http://www.sanfordherald.com/,,,,
The Sault News,,http://www.sooeveningnews.com/,,,https://web.archive.org/web/2/http://www.sooeveningnews.com,
The Sentinel,,http://marion.wickedlocal.com/,,,https://web.archive.org/web/2/http://marion.wickedlocal.com/,
The Sentinel (Pennsylvania),,https://cumberlink.com/,,,https://web.archive.org/web/2/https://cumberlink.com/,
"The Sentinel Echo (London, KY)",,http://www.sentinel-echo.com/,,,,
The Sidney Herald,,https://www.sidneyherald.com/,,,https://web.archive.org/web/2/https://www.sidneyherald.com/,
The South End (Wayne State Uni),,https://www.thesouthend.wayne.edu/,,,https://web.archive.org/web/2/https://www.thesouthend.wayne.edu/,
The Southern Digest,,http://www.southerndigest.com/,,,,
The Southern Illinoisan,,https://thesouthern.com/,,,https://web.archive.org/web/2/https://thesouthern.com/,
The St. Augustine Record,,http://www.staugustine.com/,,,https://web.archive.org/web/2/http://www.staugustine.com,
The Standard-Times,,http://www.southcoasttoday.com/,,,https://web.archive.org/web/2/http://www.southcoasttoday.com,
The Star,,http://www.starfl.com/,,,https://web.archive.org/web/2/http://www.starfl.com,
The Star,,http://www.shelbystar.com/,,,https://web.archive.org/web/2/http://www.shelbystar.com,
"The Star Beacon (Ashtabula, OH)",,http://www.starbeacon.com/,,,,
The State Journal-Register,,http://www.sj-r.com/,,,https://web.archive.org/web/2/http://www.sj-r.com,
"The Stillwater Newspress (Stillwater, OK)",,http://www.stwnewspress.com/,,,,
The Suburbanite,,http://www.thesuburbanite.com/,,,https://web.archive.org/web/2/http://www.thesuburbanite.com,
The Sudbury Town Crier,,http://sudbury.wickedlocal.com/,,,https://web.archive.org/web/2/http://sudbury.wickedlocal.com,
The Sulphur springs News-Telegram,,http://ssnewstelegram.com/,,,,
The Sun Chronicle,,http://www.thesunchronicle.com/,,,https://web.archive.org/web/2/http://www.thesunchronicle.com/,
The Sun Times,,http://www.thesuntimes.com/,,,https://web.archive.org/web/2/http://www.thesuntimes.com,
The Suncoast News,,http://www.suncoastnews.com/,,,,
The Telegraph ,,http://www.thetelegraph.com/,,,https://web.archive.org/web/2/http://www.thetelegraph.com/,
"The Tifton Gazette (Tifton, GA)",,http://www.tiftongazette.com/,,,,
The Tiger,,http://www.thetigernews.com/,,,,
The Times and Democrat,,https://thetandd.com/,,,https://web.archive.org/web/2/https://thetandd.com/,
The Times of Northwest Indiana,,https://www.nwitimes.com/,,,https://web.archive.org/web/2/https://www.nwitimes.com/,
The Times-News,,http://www.thetimesnews.com/,,,https://web.archive.org/web/2/http://www.thetimesnews.com,
The Times-Reporter,,http://www.timesreporter.com/,,,https://web.archive.org/web/2/http://www.timesreporter.com,
The Topeka Capital-Journal,,http://www.cjonline.com/,,,https://web.archive.org/web/2/http://www.cjonline.com,
The Trail Blazer,,http://www.thetrailblazeronline.net/,,,,
The Tribune-Democrat,,http://www.tribdem.com/,,,https://web.archive.org/web/2/http://www.tribdem.com/,
The Tuscaloosa News,,http://www.tuscaloosanews.com/,,,https://web.archive.org/web/2/http://www.tuscaloosanews.com,
"The Union-Recorder (Milledgeville, GA)",,http://www.unionrecorder.com/,,,,
The Vermilion,,https://www.thevermilion.com/,,,,
The Vidette,,http://www.videtteonline.com/,,,,
The Villager,,http://northborough.wickedlocal.com/,,,https://web.archive.org/web/2/http://northborough.wickedlocal.com,
The Villanovan,,http://www.villanovan.com/,,,https://web.archive.org/web/2/http://www.villanovan.com/,
The Vincennes Sun-Commercial ,,http://www.suncommercial.com/,,,,
The Vindicator,,http://www.thevindicator.com/,,,https://web.archive.org/web/2/http://www.thevindicator.com/,
The Virginian-Pilot,,https://pilotonline.com/,,,https://web.archive.org/web/2/https://pilotonline.com,
The Walton Sun,,http://www.waltonsun.com/,,,https://web.archive.org/web/2/http://www.waltonsun.com,
The Washburn Review,,http://www.washburnreview.org/,,,,
The Waterloo-Cedar Falls Courier,,https://wcfcourier.com/,,,https://web.archive.org/web/2/https://wcfcourier.com/,
The Wayland Town Crier,,http://wayland.wickedlocal.com/,,,https://web.archive.org/web/2/http://wayland.wickedlocal.com,
The Wayne Independent,,http://www.wayneindependent.com/,,,https://web.archive.org/web/2/http://www.wayneindependent.com,
The Wellesley Townsman,,http://wellesley.wickedlocal.com/,,,https://web.archive.org/web/2/http://wellesley.wickedlocal.com,
The Westborough News,,http://westborough.wickedlocal.com/,,,https://web.archive.org/web/2/http://westborough.wickedlocal.com/,
The Western Producer,,http://producer.com/,,,https://web.archive.org/web/2/https://www.producer.com/,
The Weston Town Crier,,http://weston.wickedlocal.com/,,,https://web.archive.org/web/2/http://weston.wickedlocal.com,
The Winchester Star,,http://www.winchesterstar.com/,,,,
The World (Coos Bay),,https://theworldlink.com/,,,https://web.archive.org/web/2/https://theworldlink.com/,
"The Zionsville Times Sentinel (Zionsville, IN)",,http://www.timessentinel.com/,,,,
Thibodaux Daily Comet,,http://www.dailycomet.com/,,,https://web.archive.org/web/2/http://www.dailycomet.com,
ThisWeek Community News,,http://www.thisweeknews.com/,,,https://web.archive.org/web/2/http://www.thisweeknews.com,
"Thomasville Times-Enterprise (Thomasville, GA)",,http://www.timesenterprise.com/,,,,
Times Herald-Record,,http://www.recordonline.com/,,,https://web.archive.org/web/2/http://www.recordonline.com,
"Times Tribune (Corbin, KY)",,http://www.thetimestribune.com/,,,,
"Times West Virginian (Fairmont, WV)",,http://www.timeswv.com/,,,,
Times-Gazette,,http://www.times-gazette.com/,,,https://web.archive.org/web/2/http://www.times-gazette.com,
"Times-Georgian (Carroll County, Georgia)",2018-07-30,http://times-georgian.com/,,,,
Today's News Herald (Arizona),,https://www.havasunews.com/,,,,
TooTimid.com [18+],,http://www.tootimid.com/,https://archive.fo/zRPJq,,https://web.archive.org/web/2/http://www.tootimid.com/,
Topsail Advertiser,,http://www.topsailadvertiser.com/,,,https://web.archive.org/web/2/http://www.topsailadvertiser.com,
TownNews,,http://townnews365.com/,,,https://web.archive.org/web/2/http://townnews365.com/,
Tri-Town Transcript,,http://boxford.wickedlocal.com/,,,https://web.archive.org/web/2/http://boxford.wickedlocal.com,
Tribune-Star,,http://www.tribstar.com/,https://archive.fo/9Lug3,,https://web.archive.org/web/2/http://www.tribstar.com/,
Tulsa World,,https://www.tulsaworld.com/,,,,
University Daily Kansan,,http://www.kansan.com/,,,,
unroll.me,,https://unroll.me/,https://webrecorder.io/verifiedjoseph/451-unavailable-due-to-legal-reasons-gdpr/20180713145604/https://gdpr-eu.unroll.me/,,https://web.archive.org/web/2/https://unroll.me,
Us Weekly (magazine),,https://www.usmagazine.com/,,,https://web.archive.org/web/2/https://www.usmagazine.com/,
"Valdosta Daily Times (Valdosta, GA)",,http://www.valdostadailytimes.com/,,,,
Valley Morning Star,,https://www.valleymorningstar.com/,,,,
Valley Town Crier,,http://www.yourvalleyvoice.com/,,,https://web.archive.org/web/2/http://www.yourvalleyvoice.com,
Van Alstyne Leader,,http://www.vanalstyneleader.com/,,,https://web.archive.org/web/2/http://www.vanalstyneleader.com,
Van Buren County Democrat,,http://www.vanburencountydem.com/,,,https://web.archive.org/web/2/http://www.vanburencountydem.com,
Victorville Daily Press,,http://www.vvdailypress.com/,,,https://web.archive.org/web/2/http://www.vvdailypress.com,
Voice News,,http://www.voicenews.com/,,,https://web.archive.org/web/2/http://www.voicenews.com/,
Waco Tribune-Herald,,https://www.wacotrib.com/,,,https://web.archive.org/web/2/https://www.wacotrib.com/,
Wahpeton Daily News Media,,https://www.wahpetondailynews.com/,,,https://web.archive.org/web/2/https://www.wahpetondailynews.com/,
Wakefield Observer,,http://wakefield.wickedlocal.com/,,,https://web.archive.org/web/2/http://wakefield.wickedlocal.com,
Walpole Times,,http://walpole.wickedlocal.com/,,,https://web.archive.org/web/2/http://walpole.wickedlocal.com,
Waltham News Tribune,,http://waltham.wickedlocal.com/,,,https://web.archive.org/web/2/http://waltham.wickedlocal.com,
Wareham Courier,,http://wareham.wickedlocal.com/,,,https://web.archive.org/web/2/http://wareham.wickedlocal.com/,
Washington County News,,http://www.chipleypaper.com/,,,https://web.archive.org/web/2/http://www.chipleypaper.com,
"Washington Times Herald (Washington, IN)",,http://www.washtimesherald.com/,,,,
Washington Times-Reporter,,http://www.washingtontimesreporter.com/,,,https://web.archive.org/web/2/http://www.washingtontimesreporter.com,
Watertown TAB & Press,,http://watertown.wickedlocal.com/,,,https://web.archive.org/web/2/http://watertown.wickedlocal.com,
Waxahachie Daily Light,,http://www.waxahachietx.com/,,,https://web.archive.org/web/2/http://www.waxahachietx.com,
"Wayne County Outlook (Monticello, KY)",,http://www.wcoutlook.com/,,,,
Wayne Post,,http://www.waynepost.com/,,,https://web.archive.org/web/2/http://www.waynepost.com,
Waynesville Daily Guide,,http://www.waynesvilledailyguide.com/,,,https://web.archive.org/web/2/http://www.waynesvilledailyguide.com,
"WDCW 50 Washington, D.C.",,https://dcw50.com/,https://archive.fo/zpyXD,,https://web.archive.org/web/2/http://dcw50.com/,
Weatherfarm,,http://www.weatherfarm.com/,,,https://web.archive.org/web/2/http://www.weatherfarm.com,
"Weatherford Democrat (Weatherford, TX)",,http://www.weatherforddemocrat.com/,,,,
Wellington Daily News,,http://www.wellingtondailynews.com/,,,https://web.archive.org/web/2/http://www.wellingtondailynews.com,
Wellsville Daily Reporter,,http://www.wellsvilledaily.com/,,,https://web.archive.org/web/2/http://www.wellsvilledaily.com/,
West Roxbury Transcript,,http://west-roxbury.wickedlocal.com/,,,https://web.archive.org/web/2/http://west-roxbury.wickedlocal.com,
Western Herald,,http://www.westernherald.com/,,,,
Westford Eagle,,http://westford.wickedlocal.com/,,,https://web.archive.org/web/2/http://westford.wickedlocal.com,
Westport-News,,https://www.westport-news.com/,,,https://web.archive.org/web/2/https://www.westport-news.com/,
Westwood Press,,http://westwood.wickedlocal.com/,,,https://web.archive.org/web/2/http://westwood.wickedlocal.com,
Weymouth News,,http://weymouth.wickedlocal.com/,,,https://web.archive.org/web/2/http://weymouth.wickedlocal.com,
WGEM-FM,,https://www.wgem.com/,,,https://web.archive.org/web/2/https://www.wgem.com/,
WGN Radio,,https://wgnradio.com/,,,https://web.archive.org/web/2/https://wgnradio.com/,
WGN-TV,,https://wgntv.com/,https://archive.fo/hDtVm,,https://web.archive.org/web/2/https://wgntv.com/,
WGNO abc,,https://wgno.com/,,,https://web.archive.org/web/2/https://wgno.com/,
White Hall Journal,,http://www.whitehalljournal.com/,,,https://web.archive.org/web/2/http://www.whitehalljournal.com,
WHNT News 19,,https://whnt.com/,,,https://web.archive.org/web/2/https://whnt.com/,
whotv.com,,https://whotv.com/,,,https://web.archive.org/web/2/https://whotv.com/,
Wicked Local,,http://www.wickedlocal.com/,,,https://web.archive.org/web/2/http://www.wickedlocal.com/,
Williamson Daily News,,http://www.williamsondailynews.com/,,,,
"Williston Herald (Williston, North Dakota)",,https://www.willistonherald.com/,,,,
Wilmington Advocate,,http://wilmington.wickedlocal.com/,,,https://web.archive.org/web/2/http://wilmington.wickedlocal.com,
Winchester Star,,http://winchester.wickedlocal.com/,,,https://web.archive.org/web/2/http://winchester.wickedlocal.com,
Winnipeg Free Press,,https://www.winnipegfreepress.com/,https://archive.fo/rvzxN,,https://web.archive.org/web/2/https://www.winnipegfreepress.com,
Winona Daily News,,https://www.winonadailynews.com/,,,https://web.archive.org/web/2/https://www.winonadailynews.com/,
Winston-Salem Journal,,https://www.journalnow.com/,,,,
Wiscnews,,https://www.wiscnews.com/,,,https://web.archive.org/web/2/https://www.wiscnews.com/,
WNEP.com,,https://wnep.com/,,,https://web.archive.org/web/2/https://wnep.com/,
Woburn Advocate,,http://woburn.wickedlocal.com/,,,https://web.archive.org/web/2/http://woburn.wickedlocal.com,
Woodford Times,,http://www.woodfordtimes.com/,,,https://web.archive.org/web/2/http://www.woodfordtimes.com,
"Woodward News (Woodward, OK)",,http://www.woodwardnews.net/,,,,
WPHL Philadelphia,,https://phl17.com/,https://archive.fo/FMAUb,,https://web.archive.org/web/2/https://phl17.com/,
WPIX 11 New York,,https://pix11.com/,https://archive.fo/dJm1B,,https://web.archive.org/web/2/https://pix11.com/,
WQAD 8,,https://wqad.com/,,,https://web.archive.org/web/2/https://wqad.com/,
WREG.com,,https://wreg.com/,,,https://web.archive.org/web/2/https://wreg.com/,
WTKR.com,,https://wtkr.com/,,,https://web.archive.org/web/2/https://wtkr.com/,
WTVR.com,,https://wtvr.com/,,,https://web.archive.org/web/2/http://wtvr.com,
WWSB MySuncoast,,http://www.mysuncoast.com/,https://archive.fo/klnaM,,https://web.archive.org/web/2/http://www.mysuncoast.com/,
WZZM 13,,http://www.wzzm13.com/,,,,
Your Observer News,,https://www.yourobserver.com/,,,https://web.archive.org/web/2/https://www.yourobserver.com/,
